index,software,user_count
0,bsky,38513072
1,atproto.brid.gy ‚áÑ,31547
2,esnoticia.online ü§ñ,563
3,keik.info üëΩ,532
4,blacksky.app ‚òÄÔ∏è,459
5,at.app.wafrn.net üëΩ,350
6,pds.sprk.so üì±,225
7,marta.fail ü§ñ,141
8,tngl.sh üì±,125
9,pds.witchcraft.systems ‚òÄÔ∏è,54
10,dev-frosting.social ü§ñ,36
11,gaza.click ü§ñ,28
12,pds.si46.world,28
13,si46.homes,24
14,zio.blue,24
15,reme.social,23
16,pds.360.cymru,20
17,pds.akizuki.best ü§ñ,20
18,blogsky.venki.dev ‚áÑ,19
19,at.shendrick.net ü§ñ,17
20,hopefoundatione.org ü§ñ,17
21,mpi-bluesky-pds.mpi-sws.org,15
22,rat.mom,14
23,hellthread.pro,13
24,pds.merklehost.xyz,13
25,blackstar.quest,12
26,pds.blsky.eu,12
27,pds.coord.dev,12
28,ansel.grainsocial.network,11
29,pds.mmatt.net,11
30,bluesky.myhomecloud.it,10
31,radixians.org,10
32,atproto.storacha.network,9
33,bsky.pink,9
34,bsky.plasmatrap.com,9
35,bsky.zoner.work,9
36,mraow.party,9
37,pds.skyfeed.dev,9
38,socl.is,9
39,tweet.pub,9
40,altq.net,8
41,at.thenote.app,8
42,geese.blue,8
43,northsky.social,8
44,pds.bun.how,8
45,pds.moe,8
46,pds.synth.download,8
47,teto.mom,8
48,bsky.homestuck.fr,7
49,bsky.pipiska.org,7
50,network.hukoubook.com,7
51,ocho.app,7
52,pds.everynothing.net,7
53,selfhosted.social ‚òÄÔ∏è,7
54,totallynotseth.dev,7
55,at.bnbdiscord.net,6
56,atproto.systems,6
57,b.lordfuckpuppy.social,6
58,blue-ocean.social,6
59,choomga.ng,6
60,koyu.space,6
61,pds.dreary.dev,6
62,pds.koda-agency.io,6
63,pds.malpercio.dev,6
64,pds.mice.tel,6
65,pds.mozzius.dev,6
66,pds.popbob.wtf,6
67,reverie.house,6
68,shinigami.cyou,6
69,social.wiredcloud.xyz,6
70,theatl.social,6
71,0x9.at,5
72,bluesky.zergy.net,5
73,bsky.weebsandotako.ink,5
74,chambana.online,5
75,deadinternet.social,5
76,divy.zone,5
77,epochal.quest,5
78,fallbreakers.net,5
79,grapevyne.social,5
80,iame.li,5
81,jedillama.social,5
82,mesky.org,5
83,pds-dev.si46.world,5
84,pds.indexx.dev,5
85,pds.invoxiplaygames.com,5
86,pds.meowing.zip,5
87,pds.moll.blue,5
88,pds.robocracy.org,5
89,pds.syahu.com,5
90,pussy.fortnitehacks.download,5
91,sea.whims.io,5
92,skyen.live,5
93,steamboat.social,5
94,thighjob.org,5
95,zediron.shop,5
96,at-pds.whiteside.io,4
97,at.w.linuxposting.xyz,4
98,autonomylab.xyz,4
99,blue.ahri.cloud,4
100,bluesky.cromulus.com,4
101,bluesky.druid.fi,4
102,bluesky.siacone.art,4
103,bluesky.wolf-grid.com,4
104,bringyourown.computer,4
105,brioco.space,4
106,bsky.chatsafemedia.one,4
107,bsky.helvetet.eu,4
108,bsky.liberalrepublic.org,4
109,bsky.on-a-ps4.lol,4
110,bsky.scalix.social,4
111,bsky.soopy.moe,4
112,bs.nzcow.com,4
113,catgirls.social,4
114,cocoon.hailey.at üêøÔ∏è,4
115,colchester.social,4
116,eepy.day,4
117,gumby.social,4
118,hermitary.brad.quest,4
119,hop.dedyn.io,4
120,knotbin.xyz,4
121,lacunas.net,4
122,mijnbluesky.nl,4
123,otasora.blue,4
124,pds1.bsky.owu.one,4
125,pds.amsel.dev,4
126,pds.cauda.cloud,4
127,pds.furtenbach.social,4
128,pds.mikemerritt.xyz,4
129,pds.n2.pm,4
130,pds.over.rest,4
131,pds.quimian.com,4
132,pds.sappho.systems,4
133,pds.shreyanjain.net,4
134,pds.stupid.fish,4
135,pds.tgirl.cloud,4
136,pds.ubanis.mydns.jp,4
137,purr.systems,4
138,rainbowgirl.moe,4
139,redocean.one,4
140,skyfurs.social,4
141,social.eyevinn.technology,4
142,tnn1t1s.me,4
143,tried.one,4
144,turtleis.land,4
145,ugns.link,4
146,unconsensus.com,4
147,userdir.de,4
148,zoeys.computer,4
149,2queer.xyz,3
150,akizu.network,3
151,all-the-hobbies.xyz,3
152,amethyst.name,3
153,ami.social,3
154,at.arimelody.space,3
155,at.bliss.town,3
156,at.nihili.st,3
157,blauwelucht.online,3
158,blsk.neonweb.org,3
159,bluesky.nickthesick.com,3
160,bluesky.socket.es,3
161,bluesky.speely.net,3
162,bluesky.torchwood.me,3
163,bs.disruption-systems.com,3
164,bsky.aenead.net,3
165,bsky.devcomp.xyz,3
166,bsky.dix.sexy,3
167,bsky.mstar.dev,3
168,bsky.netho.tk,3
169,bsky.pixp.cc,3
170,bsky.qualipsoft.com,3
171,bsky.runhello.com,3
172,bsky.techhangout.social,3
173,bsky.tessa.works,3
174,bs.possumpat.io,3
175,c00lest-kats-on.ovh,3
176,chavvy.net,3
177,chicory.blue,3
178,codeandstrings.com,3
179,comind.network,3
180,d3v.ltd,3
181,derschlingel01.de,3
182,doggos.life,3
183,earlgreyders.wang,3
184,ecow.dev,3
185,elcentro.social,3
186,farlands.cafe,3
187,filly.social,3
188,foxhole.lgbt,3
189,fttp.cc ‚ö†Ô∏è,3
190,gaze.systems,3
191,glorp.network,3
192,goeo.lol,3
193,gonnakms.lol,3
194,huxian-lab.net,3
195,jglypt.net,3
196,lab.martianbase.net üåñ,3
197,liliangomes.com,3
198,melkat.blue,3
199,meows.gay,3
200,me.rasc.ch,3
201,mydecnet.org,3
202,novum.social,3
203,outof.coffee,3
204,pds01.threddy.social,3
205,pds.0x2142.org,3
206,pds.aparker.io,3
207,pds.atproto.hugeblank.dev,3
208,pds.aylac.top,3
209,pds.bluesky.addo.art,3
210,pds.bsky.ln4.net,3
211,pds.bsky.yinzcloud.net,3
212,pds.coded.mom,3
213,pds.gaycatgirl.sex,3
214,pds.gore.pet,3
215,pds.gxrl.network,3
216,pds.internetisscary.org,3
217,pds.jeanmachine.dev,3
218,pds.juli.ee,3
219,pds.justdavi.dev,3
220,pds.lamp.wtf,3
221,pds.louisvillebsky.app,3
222,pds.misoservices.com,3
223,pds.mnogu.net,3
224,pds.nocab.lol,3
225,pds.on-her.computer,3
226,pds.ovy.sh,3
227,pds.ripperoni.com,3
228,pds.shan-web.com,3
229,pds.snep.business,3
230,pds.softeno.io,3
231,pds.soundarmurugan.com,3
232,pds.tentacle.expert,3
233,pds.waffle.casa,3
234,pds.wlo.moe,3
235,profile.blue,3
236,rof1.net,3
237,secondstoryrecords.com,3
238,si46.shop,3
239,silverhand.cc,3
240,social.benedetta.com.br,3
241,southla.social,3
242,spazure.codes,3
243,t-a-sa.net,3
244,timeto.resist.is,3
245,tzv0.com,3
246,user.eurosky.social,3
247,woff.waffenlobby.org,3
248,yvr.whims.io,3
249,yyj.whims.io,3
250,aaronoellis.com,2
251,afternooncurry.com,2
252,ainur-home.de,2
253,angrygayunicorn.com,2
254,aozora.yockow.jp,2
255,apeace.cool,2
256,app.leafplaza.eu,2
257,artcru.sh,2
258,artois.me,2
259,at.chipprbots.com,2
260,at.crit.run,2
261,at.insertdomain.name,2
262,at.jkp.sh,2
263,at.kizaing.ca,2
264,at.nogrp.net,2
265,at.ocw.social,2
266,atp.retroheart.net,2
267,atproto-pds.saiyajin.space,2
268,at.ronkkol.fi,2
269,at.thebomb.site,2
270,attssystem.fr,2
271,babfurs.social,2
272,babyeating.democrat,2
273,barsinister.net,2
274,barz.foo,2
275,basedcarl.com,2
276,beagaydocrim.es,2
277,b.ersei.net,2
278,blanket.exentio.sexy,2
279,blipbleep.xyz,2
280,bluesky.aviate.org,2
281,bluesky.carterpape.com,2
282,bluesky.cocamserverguild.com,2
283,bluesky.flokinet.social,2
284,bluesky.greifenhorst.de,2
285,bluesky.grotte.org,2
286,bluesky.krftr.link,2
287,bluesky.lu,2
288,bluesky.magicyuki.com,2
289,bluesky.massi1008.eu,2
290,bluesky.mer-cantile.com,2
291,bluesky.rebelonion.dev,2
292,bluesky.sanin.dev,2
293,bluesky.sopo.me,2
294,bluesky.su.gy,2
295,bluesky.unitedparadigms.com,2
296,bluesky.vandervilt.com,2
297,bluesky.zark.nl,2
298,bs1.stoiccebalrai.com,2
299,bs.fribbynetwork.net,2
300,bs.ilyamikcoder.com,2
301,bsky.allan.run,2
302,bsky.anineko.de,2
303,bsky.apt.sdc.sx,2
304,bsky.average.name,2
305,bsky.baronvonpaddington.com,2
306,bsky.bearnode.com,2
307,bsky.bowdens.me,2
308,bsky.c2dv.com,2
309,bsky.cdnbcn.net,2
310,bsky.cocopoops.com,2
311,bsky.coltonenglish.me,2
312,bsky.cypherstack.com,2
313,bsky.ee,2
314,bsky.emy.lu,2
315,bsky.estrogen.plus,2
316,bsky.eu.com,2
317,bsky.gsheps.net,2
318,bsky.gsuscs.xyz,2
319,bsky.havitron.cloud,2
320,bsky.hegre.com,2
321,bsky.im,2
322,bsky.itcountrythai.com,2
323,bsky.j0.lol,2
324,bsky.jinjja.ninja,2
325,bsky.karebu.gay,2
326,bsky.mjrm.us,2
327,bsky.moang.com.br,2
328,bsky.nanao.moe,2
329,bsky.nightshade.fun,2
330,bsky.nodemixaholic.com,2
331,bsky.nuoyea.com,2
332,bsky.octavarecords.com,2
333,bsky.odincc.net,2
334,bsky-on.rave.page,2
335,bsky-pds.dsrs.it,2
336,bsky-pds.h3z.jp,2
337,bsky.raitisoja.cloud,2
338,bsky.readiefur.com,2
339,bsky.rm-r.org,2
340,bsky.scot,2
341,bsky.shellfish.racing,2
342,bsky.simply-vibing.com,2
343,bsky.sissyisabella.com,2
344,bsky.spragueco.com,2
345,bsky.tena-beji.com,2
346,bsky.tvtyler.com,2
347,bsky.yakimapride.org,2
348,bsx.admat.at,2
349,buh.agency,2
350,bullshido.app,2
351,b.yufushiro.dev,2
352,caliko.fr,2
353,catcafe.social,2
354,catric333.xyz,2
355,clouve.net,2
356,codebased.xyz,2
357,comstar.space,2
358,dearcoaster.com,2
359,derpzilla.net,2
360,doesthings.online,2
361,engram.within.website,2
362,equinux.social,2
363,fastani.me,2
364,floret.pet,2
365,flw.si,2
366,ftgub.com,2
367,gmandialectic.dev,2
368,goblin.club,2
369,gruen.lol,2
370,hacktheplanet.social,2
371,helges.net,2
372,hello.lev31.online,2
373,heredia.social,2
374,honey-lab.co,2
375,insaneslashcrazy.com,2
376,ivanamat.es,2
377,jameuwu.com,2
378,jarmullc.com,2
379,katproto.girlonthemoon.xyz,2
380,kingdom.1randomprince.life,2
381,konpeki.solutions,2
382,lalasky.fun,2
383,langan.id,2
384,ligma.agency,2
385,lolc.at,2
386,longisland.nyc,2
387,mackc.org,2
388,mariana.on.amber.tel,2
389,markfalk.com,2
390,masr.social,2
391,mayhew.social,2
392,mistforge.social,2
393,mkultra.site,2
394,mraz.org,2
395,muave.me,2
396,myrestone.land,2
397,n3rdsky.com,2
398,nerdynate.io,2
399,nortelnet.works,2
400,nospoon.red,2
401,nvll.xyz,2
402,oablglas.meynier.bzh,2
403,odyniec.org,2
404,omoch.ing,2
405,onlydevs.club,2
406,onsocial.uk,2
407,opelly.dev,2
408,origin.social,2
409,oysterarchery.com,2
410,papillon.coissac.eu,2
411,pds1.hopefoundatione.org,2
412,pds.aegis.cafe,2
413,pds.astrra.space,2
414,pds.bernd.network,2
415,pds.billy.wales,2
416,pds.blowdart.blue,2
417,pds-bluesky.asml.berkmancenter.org,2
418,pds.boobs.team,2
419,pds.bsky.sats4.life,2
420,pds.buymymojo.net,2
421,pds.calibour.net,2
422,pds.caruanafamily.net,2
423,pds.casaconejo.net,2
424,pds.chrismcleod.social,2
425,pds.chubby.wang,2
426,pds.cold-albion.net,2
427,pds.cybernetica.cc,2
428,pds.dallasthe.dev,2
429,pds.danni.id,2
430,pds.dev.retr0.id üêç,2
431,pds.dollware.net,2
432,pds.edouard.paris,2
433,pds.ellie.fm,2
434,pds.elxx.net,2
435,pds.falafel.blog,2
436,pds.fedi.my.id,2
437,pds.futur.blue,2
438,pds.gems.xyz,2
439,pds.gitlost.net,2
440,pds.godless-internets.org,2
441,pds.gwei.cz ‚ö†Ô∏è,2
442,pds.halcyoncollective.dev,2
443,pds.hayden.moe,2
444,pds.innumerable-wounds.com,2
445,pds.invr.chat,2
446,pds.ip-logger.com,2
447,pds.is.extraordinarily.cool,2
448,pds.itsajoke.lol,2
449,pds.izala.gg,2
450,pds.jftiv.org,2
451,pds.juanlu.space,2
452,pds.kelinci.net,2
453,pds.koontz.dev,2
454,pds.lab.dvjn.dev,2
455,pds.larakin.systems,2
456,pds.lesbloomstulsa.com,2
457,pds.lewis-od.co.uk,2
458,pds.lizthegrey.com,2
459,pds.lksz.name,2
460,pds.lobotomy.town,2
461,pds.lukegb.com,2
462,pds.mae.wtf,2
463,pds.mahood.dev,2
464,pds.marenthyu.de,2
465,pds.mattobs.com,2
466,pds.mbl.social,2
467,pds.mewsse.pet,2
468,pds.mythik.co.uk üêç,2
469,pds.nandi.crabdance.com,2
470,pds-nd.whey.party,2
471,pds.netinertia.co.uk,2
472,pds.nicoritschel.com,2
473,pds.ofplayers.net,2
474,pds.periwinkle.sh,2
475,pds.personinyourph.one,2
476,pds.pf.ie,2
477,pds.r-12.net,2
478,pds.rekmarks.com,2
479,pds.roomy.space,2
480,pds.sigb.us,2
481,pds.skuld.network,2
482,pds.superthread.org,2
483,pds.sved.be,2
484,pds-test.icocofun.net,2
485,pds.tranvender.net,2
486,pds.underwhelming.website,2
487,pds.vriska.dev,2
488,pds.vzq.systems,2
489,pds.woof.monster,2
490,pds.xophoros.com,2
491,pds.yfrit.social,2
492,pds.zetaphor.com,2
493,pipebomb.cc,2
494,p.kojira.io,2
495,pod.exppad.com,2
496,possumden.net,2
497,pp0.co,2
498,prevter.me,2
499,proto.sorcie.re,2
500,pups.lgbt,2
501,purr.mrrp.lol,2
502,redsky.beelzeboss.de,2
503,rocktoast.social,2
504,scalytooth.metaflame.dev,2
505,semen.zone,2
506,sharkgirl.pet,2
507,shimaenaga.veryroundbird.house,2
508,shortform.me,2
509,sidaravicius.com,2
510,simified.social,2
511,skeetcentral.com,2
512,skies.fromouter.space,2
513,skyblue.cc,2
514,sky.dev-null.rocks,2
515,sky.keyjaycompound.com,2
516,sky.nevrosvn.com,2
517,sns.limelee.xyz,2
518,social.015.sh,2
519,social.computercodeblue.com,2
520,social.envarcade.com,2
521,social-list.com,2
522,social.muslimtv.io,2
523,social.notk.ai,2
524,squirrel.engineering,2
525,stanislaw.su,2
526,super.fish,2
527,syu.is,2
528,tambayan.social,2
529,terasi.my.id,2
530,testpds.aitorres.com,2
531,this-is-epic.space,2
532,thufir.link,2
533,tor0n.to,2
534,trekologer.social,2
535,trif.games,2
536,ufocult.cc,2
537,ukozi.social,2
538,vault.nexus.sc,2
539,void.2dot.at,2
540,wallera.computer,2
541,weather-watch.group,2
542,willdot.xyz,2
543,y0.bot,2
544,yurisnight.app,2
545,zapal.team,2
546,zedsocial.ca,2
547,000-torture-and-kill-all-pedophiles.verylegal.site,1
548,040bsky.nl,1
549,0852.uk,1
550,1337-pd5.eddmil.es,1
551,2bit.social,1
552,310plan.jp,1
553,333000333.xyz,1
554,3fours.org,1
555,3.td,1
556,465789.xyz,1
557,556gauge.com,1
558,5o3.dev,1
559,8bitwizard.social,1
560,aagaming.me,1
561,a-cl.one,1
562,acpr.dev,1
563,adam759.net,1
564,adlfrin.ge,1
565,adult-pds.com,1
566,aegplnt.me,1
567,aggl.moe,1
568,agnos.is,1
569,agomes.co,1
570,aguete.es,1
571,ai2d.ai,1
572,aircraft.social,1
573,akkoma.org,1
574,alch3my64bit.net,1
575,alde.social,1
576,alexproto.xyz,1
577,alloc.page,1
578,alt.ripperoni.com,1
579,ameo.dev,1
580,amplifier.site,1
581,amycheng.dev,1
582,andrewrosa.com,1
583,angellozan.live,1
584,angels.fan,1
585,anhnhan.de,1
586,antonmajor.com,1
587,aoi.blue,1
588,aozora.muskeg.dev,1
589,apxhost.com,1
590,arcnode.xyz,1
591,arcustech.social,1
592,arends.social,1
593,arion.social,1
594,arume.cloud,1
595,astronomi.ca,1
596,at.ap5.network,1
597,at.arles.us,1
598,at.atou.win,1
599,at.backs.day,1
600,at.baro.dev,1
601,at.betweentheborders.com,1
602,at.bluecatnet.work,1
603,at.boxfox.es,1
604,at.brycemw.ca,1
605,at.chaogarden.social,1
606,at.clavis.info,1
607,at.development.wafrn.net,1
608,at.electr.us,1
609,at.emircanerkul.com,1
610,at.floofy.city,1
611,at.grjte.sh,1
612,at.heyvictorfrost.com,1
613,at.hoijyun.org,1
614,at.hwsc.link,1
615,at.idea.fm,1
616,at.kindaconfused.com,1
617,at.lmp3.dev,1
618,at.lunareclipse.zone,1
619,atme.im,1
620,at.mitsuse.jp,1
621,at.palaver.world,1
622,at-pds0-pa2par9e26f1vzrz1a7wp9nn5.upload.chat,1
623,atprotocol.social,1
624,atproto.digitalmethods.net,1
625,atproto.is-rocket.science,1
626,atproto.kyriog.fr,1
627,atproto.sathani.com,1
628,atproto.tiuxo.com,1
629,atproto.u8dengineer.com,1
630,atproto.uk,1
631,atp.shaunguimond.com,1
632,atp.willisdoering.net,1
633,at.randev.xyz,1
634,at.saru.moe,1
635,attic.zbrox.com,1
636,attoolbox.app,1
637,at.treelar.xyz,1
638,aussiebondage.au,1
639,averystampp.com,1
640,axle.social,1
641,ayame.moe,1
642,b3.hk,1
643,baphomet.au,1
644,batmanz.me,1
645,batsky.net,1
646,bawbag.net,1
647,beatrice.wtf,1
648,bejust.social,1
649,benini.xyz,1
650,benscobie.com,1
651,beta.thehippo.dev,1
652,bevenhall.net,1
653,bicke.nl,1
654,bio.goodbunnyagency.com,1
655,birbs.party,1
656,bitemy.app,1
657,blau.actinia.xyz,1
658,block36.gay,1
659,blonde.gg,1
660,bloodmoon-network.de,1
661,bloo.ski,1
662,blsky.illumfx.de,1
663,blsky.nl,1
664,blsky.paiir.net,1
665,blue.alexraustin.com,1
666,blue.antilogik.de,1
667,blue.certaindoom.net,1
668,bluechainsforold.men,1
669,blue.ciql.net,1
670,blue.eldritch.gift,1
671,blue.jbonomi.dev,1
672,blue.moncur.me.uk,1
673,blueshifted.dev,1
674,blueskeet.social,1
675,bluesky.21crypto.ch,1
676,bluesky.advancemed.com.au,1
677,bluesky.aevumdecessus.com,1
678,bluesky.ag7su.com,1
679,bluesky.aiden.wtf,1
680,bluesky.albinhakanson.se,1
681,bluesky.amaat.be,1
682,bluesky.aporzio.com,1
683,bluesky.asaken1021.net,1
684,bluesky.austinlinux.com,1
685,bluesky.babiak.dev,1
686,bluesky.bachar.co,1
687,bluesky.basking.monster,1
688,bluesky.bigkel.tech,1
689,bluesky.bitbybitphoto.com,1
690,bluesky.bitbybitsynths.com,1
691,bluesky.broszeit.be,1
692,bluesky.bulwarkob.com,1
693,bluesky.caceyjones.com,1
694,bluesky.cadecapper.com,1
695,bluesky.casually.cat,1
696,bluesky.cdecker08.dev,1
697,bluesky.ciosciaa.net,1
698,bluesky.competent.dev,1
699,bluesky.constaq.se,1
700,bluesky.crazycoder.dev,1
701,bluesky.cryne.me,1
702,bluesky.deathbybandaid.net,1
703,bluesky.duck.moe,1
704,bluesky.ebtegtman.com,1
705,bluesky.eduadro137.com.br,1
706,bluesky.ekim.io,1
707,bluesky.emiellr.nl ‚ö†Ô∏è,1
708,bluesky.ericmitch.com,1
709,bluesky.eternalalchemy.io,1
710,bluesky.eve5.io,1
711,bluesky.fecko.net,1
712,blueskyflare.com,1
713,bluesky.foestauf.dev,1
714,bluesky.forge.gg,1
715,bluesky.fr0sty1997.red,1
716,bluesky.geisel.cloud,1
717,bluesky.gilltrick.com,1
718,bluesky.gyozaguy.com,1
719,bluesky.h4xor.org,1
720,bluesky.haojia-wu.com,1
721,bluesky.hare1039.top,1
722,bluesky.home.notquite.me,1
723,bluesky.hotmilk.space,1
724,bluesky.ikes.io,1
725,bluesky.itinthedatacenter.com,1
726,bluesky.jasonwilderphotography.com,1
727,bluesky.kevin-dee.com,1
728,bluesky.kiefer.dk,1
729,bluesky.kieranpotts.com,1
730,bluesky.kumasotakeru.net,1
731,bluesky.kyledev.co,1
732,bluesky.lablankspace.com ‚ö†Ô∏è,1
733,bluesky.landlordsguild.com,1
734,bluesky.lazzurs.net,1
735,bluesky.lilminimarxist.ca,1
736,bluesky.literatecomputing.com,1
737,bluesky.llarian.net,1
738,bluesky.lucyrobillard.xyz,1
739,bluesky.mancity.com,1
740,bluesky.marcelstiller.com,1
741,bluesky.metalbanana.net ‚ö†Ô∏è,1
742,bluesky.mishki.digital,1
743,bluesky.mousses.xyz,1
744,bluesky.namisunami.com,1
745,bluesky.ninjadom.com,1
746,bluesky.nissesdomain.org,1
747,bluesky.nk.ca,1
748,bluesky.nord.digital,1
749,bluesky.notify.kartoffel.cloud,1
750,bluesky.nprsucks.com,1
751,bluesky.nsterniotis.com,1
752,bluesky.nullpointer.org,1
753,bluesky.onno.cool,1
754,bluesky.oursocials.xyz,1
755,blueskypds.kaioconnor.org,1
756,bluesky-pds.mcsvr.net,1
757,bluesky.photography,1
758,bluesky.pub.production.kvant.cloud,1
759,bluesky.queerbeast.com,1
760,bluesky.randomwebstuff.com,1
761,bluesky.rondie.org,1
762,bluesky.roombob.cat,1
763,bluesky.ropoko.net,1
764,bluesky.rosafamily.net,1
765,bluesky.rp-taki.com,1
766,bluesky.sakurariver.ca,1
767,bluesky.sami.sk,1
768,bluesky.scalastic.io,1
769,bluesky.scfreiburg.com,1
770,bluesky.scorpa.de,1
771,bluesky.sebastinez.dev,1
772,bluesky.sebbem.se,1
773,bluesky.sexhack.me,1
774,bluesky.shanly.fr,1
775,bluesky.shiny-task.com,1
776,bluesky.shire-bangus.ts.net,1
777,bluesky.stronk.rocks,1
778,bluesky.sys64.dev,1
779,bluesky.tauheed-elahee.com,1
780,bluesky.theoldbadger.me,1
781,bluesky.therobbiedavis.com,1
782,bluesky.travisboss.xyz,1
783,bluesky.trojaner.dev,1
784,bluesky.varney.fr,1
785,bluesky.victimcache.com,1
786,bluesky.virgile62150.fr,1
787,bluesky.vishnurajeevan.com,1
788,blueskywalkers.org,1
789,bluesky.xeronith.com,1
790,bluesky.xsns.jp,1
791,bluesky.xuereb.family,1
792,bluesky.yorgos.net.gr,1
793,bluesky.yperman.eu,1
794,bluesky.zacr.org,1
795,bluesky.zwangsjacken.net,1
796,bluesync.social,1
797,blue.toonshou.in,1
798,blue.tsnx.net,1
799,blue.xerfec.fr,1
800,blu.pikafan.de,1
801,bn2b.com,1
802,bobolink.social,1
803,bolmsten.ninja,1
804,bonedisk.com,1
805,boop.link,1
806,boskma.frl,1
807,bot.araul.in,1
808,botspopuli.at,1
809,bousky.social,1
810,brittg.com,1
811,broggl.farm,1
812,brutecub.com,1
813,bs.cafepots.net,1
814,bs.chuckycheese.party,1
815,bs.cmeu.us,1
816,bs.cqmn.sh,1
817,bs.idiocy.org,1
818,bs.jfish.tech,1
819,bs.jtophermedia.com,1
820,bs.kelbie.scot,1
821,bsk.ryuka-lucas.net,1
822,bsk.ujnet.org,1
823,bsky.39music.dance,1
824,bsky.99rst.org,1
825,bsky.adamgantt.com,1
826,bsky.aeronef.app,1
827,bsky.africa,1
828,bsky.air11.social,1
829,bsky.aki.cat,1
830,bsky.alahmn.at,1
831,bsky.aliel.fr,1
832,bsky.alljoin.me,1
833,bsky.alyx.pink,1
834,bsky.anthonychavez.dev,1
835,bsky.apps.legitindustries.org,1
836,bsky.aradine.com,1
837,bsky.archbar.me,1
838,bsky.ard0.gg,1
839,bsky.asianpianoman.com,1
840,bsky.athemis.de,1
841,bsky.atri.dad,1
842,bsky.axigent.net,1
843,bsky.ayma.cat,1
844,bsky.ayy.re,1
845,bsky.bagon.my.id,1
846,bsky.basil.quest,1
847,bsky.bbinfra.net,1
848,bsky.beartok.org,1
849,bsky.beefboyz.com,1
850,bsky.benface.com,1
851,bsky.bigboy.us,1
852,bsky.birdinter.net,1
853,bsky.biu.im,1
854,bsky.blakesmith.me,1
855,bsky.blazebone.com,1
856,bsky.blister.zip,1
857,bsky.bluetongue.ai,1
858,bsky.bnuuy.xyz,1
859,bsky.bombsquad.dev,1
860,bsky.bortle-host.io,1
861,bskybot.app,1
862,bsky.brendongames.com,1
863,bsky.buldy.eu,1
864,bsky.bulles.social,1
865,bsky.bumbum.lol,1
866,bsky.bytecafe.de,1
867,bsky.c14.li,1
868,bsky.cagan.sarl,1
869,bsky.call-151.net,1
870,bsky.callmephilip.com,1
871,bsky.caprica.cafe,1
872,bsky.carolan.io,1
873,bsky.carrier.family,1
874,bsky.cclloyd.com,1
875,bsky.chagge.com,1
876,bsky.chaotic.cx,1
877,bsky.chasalin.nl,1
878,bsky.chooch.us,1
879,bsky.chrispritchard.co.uk,1
880,bsky.chrisvanderloo.com,1
881,bsky.circuitrinos.com,1
882,bsky.cjhay.me,1
883,bsky.coffeesec.com,1
884,bsky.col.social,1
885,bsky.corneliusmadsen.dk,1
886,bsky.corvidiot.com,1
887,bsky.cpacket.com,1
888,bsky.cpunews.net,1
889,bsky.cvts.nz,1
890,bsky.cwpad.com,1
891,bsky.cyrilsebek.cz,1
892,bsky.danielkent.net,1
893,bsky.darrenmoffatt.com,1
894,bsky.davepeck.dev,1
895,bsky.day,1
896,bsky.dead10ck.dev,1
897,bsky.desblock.net,1
898,bsky.doll.rehab,1
899,bsky.dontremember.me,1
900,bsky.doskel.net,1
901,bsky.dragon2611.net,1
902,bsky.dragonite.blog,1
903,bsky.drrn.dev,1
904,bsky.eax.dev,1
905,bsky.eleith.com,1
906,bsky.ellefsen.ninja,1
907,bsky.encode.co.nz,1
908,bsky.evanbreitsch.com,1
909,bsky.extendtherapy.com,1
910,bsky.faceslog.com,1
911,bsky.farthergate.com,1
912,bsky.fhta.co.uk,1
913,bsky.fibre74.fr,1
914,bsky.foggymtndrifter.com,1
915,bsky.frunkaf.com,1
916,bsky.funami.tech,1
917,bsky.gearlicious.one,1
918,bsky.gendalph.net,1
919,bsky.gib.cool,1
920,bsky.giurgiu.io,1
921,bsky.gizm0.dev,1
922,bsky.glos24.pl,1
923,bsky.godotto.net,1
924,bsky.goon.army,1
925,bsky.hack13.me,1
926,bsky.halilkaya.net,1
927,bsky.haworth.id.au,1
928,bsky.hertener-loewen.de ‚ö†Ô∏è,1
929,bsky.higgy.social,1
930,bsky.hrry.me,1
931,bsky.hvn.network,1
932,bsky.hyprlab.co,1
933,bsky.hysh.jp,1
934,bsky.iamesh.xyz,1
935,bsky.ignat.co,1
936,bsky.imdevinc.com,1
937,bsky.interware.gmbh,1
938,bsky.itsnoss.com,1
939,bsky.izosozi.xyz,1
940,bsky.janejane.net,1
941,bsky.jasonmc.com,1
942,bsky.jasonpearson.me,1
943,bsky.jcd.pub,1
944,bsky.jecalvert.com,1
945,bsky.jellyboo.net,1
946,bsky.jesse.dev,1
947,bsky.jmiguel.eu,1
948,bsky.joao.berlin,1
949,bsky.joeth.uk,1
950,bsky.jtriley.com,1
951,bsky.julianwachholz.dev,1
952,bsky.jwendl.dev,1
953,bsky.kennelly.me,1
954,bsky.kevoun.com,1
955,bsky.kit-a.net,1
956,bsky.kitsui.life,1
957,bsky.kitsunehosting.net,1
958,bsky.kmaschta.me,1
959,bsky.kretschmann.social,1
960,bsky.kristofszalay.com,1
961,bsky.krmcbride.dev,1
962,bsky.krrd.ing,1
963,bsky.kurocon.nl,1
964,bsky.leloubil.net,1
965,bsky.lethedata.com,1
966,bsky.localecho.net,1
967,bsky.ls.email,1
968,bsky.lucas.love,1
969,bsky.lucaslower.com,1
970,bsky.lwehmschulte.de,1
971,bsky.lwis.me,1
972,bsky.madtek.co.za,1
973,bsky.magalhaes.top,1
974,bsky.makemake.site,1
975,bsky.marcreisner.com,1
976,bsky.max-p.me,1
977,bsky.mcphail.uk,1
978,bsky.mcr.gb.net,1
979,bsky.mefisdo.info,1
980,bsky.meierhost.com,1
981,bsky.melon.rocks,1
982,bsky.mestiez.nl,1
983,bsky.metalgearludd.net,1
984,bsky.mikehacks.io,1
985,bsky.mikewells.name,1
986,bsky.milkcocoa.info,1
987,bsky.missingkey.co.uk,1
988,bsky.missoulasucks.com,1
989,bsky.mnguyen.dev,1
990,bsky.mujaca.de,1
991,bsky.mulambda.de,1
992,bsky.muzhaqi.com,1
993,bsky.mv2k.com,1
994,bsky.mycapitolwatchdog.com,1
995,bsky.myusernamesth.is,1
996,bsky.nat20.lol,1
997,bsky.nebula.lgbt,1
998,bsky.nekojimi.moe,1
999,bsky.nerdcloud.cz,1
1000,bsky.nerdfest.dev,1
1001,bsky.neshweb.net,1
1002,bsky.niki-lee.com,1
1003,bsky.ninetailed.net ‚ö†Ô∏è,1
1004,bsky.nordisk.cloud,1
1005,bsky.noridev.moe,1
1006,bsky.ogre-man.com,1
1007,bsky.ory.kr,1
1008,bsky.owlsnest.nl,1
1009,bsky.pb.io,1
1010,bskypds.dothack.com,1
1011,bskypds.gkaelin.com,1
1012,bskypds.skeets.io,1
1013,bsky.pds.sussch.space,1
1014,bskypds.up.railway.app,1
1015,bsky.phitchaw.at,1
1016,bsky.plums.zip,1
1017,bsky.pmj.rocks,1
1018,bsky.polosk.uno,1
1019,bsky.puppykitty.racing,1
1020,bsky.puti.nagoya,1
1021,bsky.pve.dev,1
1022,bsky.rainbyte.uk,1
1023,bsky.ramse.nl,1
1024,bsky.ranranhome.info,1
1025,bsky.raptor-care.center,1
1026,bsky.rdmps.com,1
1027,bsky.robertplawski.pl,1
1028,bsky.rominesmills.com,1
1029,bsky.root.rs,1
1030,bsky.rpm.cc,1
1031,bsky.rustamzh.com,1
1032,bsky.ryzuk.net,1
1033,bsky.rznd.com.br,1
1034,bsky.sage.id,1
1035,bsky.samulireijula.net,1
1036,bsky.secretworld.social,1
1037,bsky.shadowdrake.org,1
1038,bsky.shas.am,1
1039,bsky.sillyjune.xyz,1
1040,bsky.skymarchini.net,1
1041,bsky.sly.sh,1
1042,bsky.sneezey.uk,1
1043,bsky.snikte.net,1
1044,bskysocial.world,1
1045,bsky.solidunit.win,1
1046,bsky.spikehead.xyz,1
1047,bsky.spoels.com,1
1048,bsky.spooky.gg,1
1049,bsky.srizan.dev,1
1050,bsky.substandard.info,1
1051,bsky.synkstar.ca,1
1052,bsky.sztupy.hu,1
1053,bsky.taila5061.ts.net,1
1054,bsky.tangerine-systems.com,1
1055,bsky.tangle.se,1
1056,bsky.tea-cats.co.uk,1
1057,bsky.tearow.com,1
1058,bsky.tebako.net ‚ö†Ô∏è,1
1059,bskytest.marginal.net,1
1060,bsky.the-hive-mind.org,1
1061,bsky.theorangeone.net,1
1062,bsky.theoswalds.com,1
1063,bsky.the-wired.org,1
1064,bsky.thriv.dev,1
1065,bsky.timelight.com,1
1066,bsky.tinyw.in,1
1067,bsky.tk439.net,1
1068,bsky.tkhaldi.me,1
1069,bsky.travishenning.com,1
1070,bsky.unicornyrainbow.org,1
1071,bsky.vernid.online,1
1072,bsky.violoncello.ch,1
1073,bsky.vylion.com,1
1074,bsky.whinis.com,1
1075,bsky.wolfbrained.chat,1
1076,bsky.wolfdog.cloud ‚ö†Ô∏è,1
1077,bsky.wtako.net,1
1078,bsky.wtr.app,1
1079,bsky.wunk.cafe,1
1080,bsky.wytch.in,1
1081,bsky.xfde.dev,1
1082,bsky.yona.moe,1
1083,bsky.zacred0rryn.top,1
1084,bsky.zerojay.com,1
1085,bsky.zervo.org,1
1086,bsky.zoeyvid.de,1
1087,bsky.zsq001.cn ‚ö†Ô∏è,1
1088,bsky.ztfr.de,1
1089,bs.lastcallphotography.com,1
1090,bs.lehtiin.eu,1
1091,bs.mgjer.de,1
1092,bs.natpat.cc,1
1093,bs.oomfie.space,1
1094,bs.podonaut.com,1
1095,bs.sidet.eu,1
1096,bs.stevenryoung.com,1
1097,bs.syruptrap.net,1
1098,bs.version30.net,1
1099,bs.zrq.io,1
1100,btucker.net,1
1101,buenobunny.digital,1
1102,bumpjam.my,1
1103,bunpup.dev,1
1104,butterfly.vulpinecitrus.info,1
1105,c0s.net,1
1106,caamas.gravee.org,1
1107,cabildo.ar,1
1108,caelumcaeruleum.funcool.win,1
1109,camora.dev,1
1110,candado.dev,1
1111,cassandra.xcdx.com,1
1112,cathrow.social,1
1113,catter1.com,1
1114,cb513.xyz,1
1115,cclabpro.org,1
1116,ccwglobal.insurancesky.app,1
1117,cdha.kr,1
1118,celestialsdew.com,1
1119,ce.ntipe.de,1
1120,chancellor.social,1
1121,chario.us,1
1122,chfotofilm.dk,1
1123,chitanda.moe,1
1124,chorbus.zone,1
1125,chrisjenx.com,1
1126,christianity.business,1
1127,ciql.net,1
1128,civicforge.solutions,1
1129,clandestinecomputer.club,1
1130,clusterfsck.com,1
1131,cocas-js.xsns.jp,1
1132,cocoon.abdl.sh üêøÔ∏è,1
1133,cocoon.bun.how üêøÔ∏è,1
1134,codesenpai.dev,1
1135,codeslice.quest,1
1136,colingodsey.com,1
1137,computerwit.ch,1
1138,comrades.social,1
1139,comsmith.blue,1
1140,consciousness.stream,1
1141,cooey.club,1
1142,corsdev.it,1
1143,cosmos.void0media.com,1
1144,courmont.cloud,1
1145,couttsnet.com,1
1146,coventryrat.com,1
1147,creast.io,1
1148,cubes.blue,1
1149,cyberfortress.security,1
1150,cyclones.social,1
1151,daochi.eu,1
1152,darkmatter.rocks,1
1153,data.cmd.wtf,1
1154,datum.keays.io,1
1155,davidsmith.cloud,1
1156,dblabs.co.uk,1
1157,dcdev4.ticketh.xyz,1
1158,dehub.club,1
1159,demeulder.us,1
1160,demi.wtf,1
1161,devita.social,1
1162,dev.unifist.social,1
1163,deydas.me,1
1164,dgens.dev,1
1165,dghaehre.com,1
1166,disbursement.center,1
1167,diyhuman.ca,1
1168,documatric.com,1
1169,doft.blue,1
1170,dogcat.space,1
1171,dollhouse.click,1
1172,d.on-t.work,1
1173,down.watch,1
1174,drakeno.de,1
1175,dreamstate.nu,1
1176,eatmybruises.com,1
1177,edbd.boats,1
1178,eldritch.buzz,1
1179,elly.meme,1
1180,elogy.dev,1
1181,emitain.ca,1
1182,emma.pubmed.science,1
1183,enchiridion.gg,1
1184,eqbot.com,1
1185,ericwinchell.com,1
1186,eris.cat,1
1187,eris.chromafish.net,1
1188,esta.endormis.cat,1
1189,estrogen.farm,1
1190,ether.social,1
1191,evil.black,1
1192,extradimensional.space,1
1193,f3dr.com,1
1194,fablud.de,1
1195,fantasysports.social,1
1196,filthsystem.com,1
1197,fixate.social,1
1198,flat-jelly-zrs6lphj5mh774x7dbrh.wbeforenext.app,1
1199,fnord.mx,1
1200,forrist.al,1
1201,foru.run,1
1202,frahm.social,1
1203,framily.email,1
1204,freaky.ceo,1
1205,freedata.wiki,1
1206,friedrichsen.online,1
1207,friedtofu.space,1
1208,from.zekk.works,1
1209,ftpds.ca,1
1210,fuckelonmusk.social,1
1211,funkypenguin-bluesky-pds.elfhosted.com,1
1212,futureboytech.space,1
1213,fwcr.de,1
1214,gabriex.xyz,1
1215,gaylily.org,1
1216,gbears.social,1
1217,gennrich.fyi,1
1218,gh0st.social,1
1219,giosky.social,1
1220,girl.technology,1
1221,giulia.social ‚ö†Ô∏è,1
1222,glstudios.org,1
1223,gluck.dev,1
1224,gnin.blue,1
1225,goldmanfl.com,1
1226,gondor.me,1
1227,goodgirl.dev,1
1228,gpmidi.net,1
1229,greeno.cloud,1
1230,gregorytesto.com,1
1231,greysky.social,1
1232,gros.chibr.eu ‚ö†Ô∏è,1
1233,grouchyhedgehog.com,1
1234,groules.fr,1
1235,guitarman-bluesky-pds.elfhosted.com,1
1236,habanero.f5.si,1
1237,hackdefendr.com,1
1238,hackintech.cc,1
1239,hadarkent.com,1
1240,hadow.fr,1
1241,halosix.net,1
1242,hamili.net,1
1243,hammyy.xyz,1
1244,harboroftruth.com,1
1245,hatasky.xsns.jp,1
1246,hbudd.com,1
1247,hey.checkoutmy.link,1
1248,hey.itscasey.com,1
1249,heymrbass.com,1
1250,hillshum.com,1
1251,hipauls.com,1
1252,hitechlowlife.com,1
1253,hitorigoto.com,1
1254,hivetasks.com,1
1255,hofstede.io,1
1256,hooray.social,1
1257,humperdink.me,1
1258,hvac-tf.net,1
1259,i0.tf,1
1260,i2s.lol,1
1261,i6y.me,1
1262,id.testnet.f7y.xyz,1
1263,ikesu.blue,1
1264,index.hm,1
1265,infectedroot.com,1
1266,infoveinx.lol,1
1267,i.noxylva.org,1
1268,internect.ing,1
1269,int.social,1
1270,ioachim.eu.org,1
1271,is.horse,1
1272,itzflip.ca ‚ö†Ô∏è,1
1273,jaipasinter.net,1
1274,jameslee.id.au,1
1275,jamesmacaulay.online,1
1276,januschka.com,1
1277,jaredstark.social,1
1278,jarrett.app,1
1279,jawger.social,1
1280,jaym.in,1
1281,jaysky.de,1
1282,jellyf.sh,1
1283,jerrett.blue,1
1284,jhixson.net,1
1285,jibbe.rs,1
1286,jimux.io,1
1287,joeljoeljoel.com,1
1288,joemarriage.com,1
1289,jordan.linkntunnel.com,1
1290,joris.sh,1
1291,joshpds.duckdns.org,1
1292,jplt.com,1
1293,jrash.net,1
1294,jro.io,1
1295,juri.woach.me,1
1296,juuze.de,1
1297,kaillou.nc,1
1298,kevindoyon.com,1
1299,keyte.me,1
1300,kiljan.social,1
1301,kill9.net,1
1302,kitch.social,1
1303,kmbx.live,1
1304,koehn.com,1
1305,koliloks.social,1
1306,kolonieblagen.de,1
1307,krotscheck.social,1
1308,kry.pt,1
1309,kumorizora.net,1
1310,kyle-group.net,1
1311,l11e.social,1
1312,lachlanmaxwell.com.au,1
1313,lacunabsky.org,1
1314,lag-science.com,1
1315,lansley.com,1
1316,latexdrone.com,1
1317,lavaud.social,1
1318,lestak.sh,1
1319,likes.blue,1
1320,littlelady.net,1
1321,lost-frequencies.org,1
1322,lost.host,1
1323,lumihanki.net,1
1324,lv154.net,1
1325,lythiox.com,1
1326,machine1.mugund10.top ‚ö†Ô∏è,1
1327,macrottie.dev,1
1328,madams.social,1
1329,madiator.cloud,1
1330,madsquirrel.social,1
1331,maid.doll.gl,1
1332,mairu.moe,1
1333,malone.social,1
1334,mangin.com,1
1335,manhattan.distraction.engineer,1
1336,marcomaroni.it,1
1337,markhall.social,1
1338,math-anon.com,1
1339,matrix.usapolitics.news,1
1340,mattdyson.org,1
1341,matthewzipkin.com,1
1342,matthias.klein.ruhr,1
1343,mattjones.xyz,1
1344,mattrambles.lol,1
1345,maze.nat20.com,1
1346,m.brndl.net,1
1347,mds.blue,1
1348,meangrape.com,1
1349,meety.me,1
1350,megacasa.xyz,1
1351,meggie.bsky.dodo.haus,1
1352,meilo.world,1
1353,me.jonbishop.com,1
1354,melendez.cloud,1
1355,me.nobody.network,1
1356,me.plutopotam.us,1
1357,merstham.cricket,1
1358,meto.lol,1
1359,mike9.click,1
1360,millipds.braxuss.eu üêç,1
1361,millipds.erisa.ts.net üêç,1
1362,milli.pds.moe ‚ö†Ô∏è üêç,1
1363,milli.snep.business üêç,1
1364,minehub.it,1
1365,miyulab.dev,1
1366,mod1-pds.ssaavedra.eu,1
1367,modernleft.network,1
1368,modr.us,1
1369,morgan.dev ‚ö†Ô∏è,1
1370,mpowers.net,1
1371,mrfrank.dev,1
1372,mtb.wtf,1
1373,mujarrib.com,1
1374,murrax.dev,1
1375,muscled.xyz,1
1376,mypds.cc,1
1377,my.personal.pds.marionberry.net,1
1378,mysky.chat,1
1379,myskyis.blue,1
1380,mythision.com,1
1381,mzqt.de,1
1382,nacl.sh,1
1383,natpds.natalie.ee,1
1384,nblaker.com,1
1385,neegames.social,1
1386,neilp.social,1
1387,neilsoult.com ‚ö†Ô∏è,1
1388,netjuu.com,1
1389,nickgnome.com,1
1390,nihilist.cloud,1
1391,nimble-side-72ubcbc2sjwifvdlaz74.wbeforenext.app,1
1392,niximac.co,1
1393,nixuser.gay,1
1394,nobs.pleasehurt.us,1
1395,node.nobody.network,1
1396,nonbiney.net,1
1397,nonsono.online,1
1398,noted.at,1
1399,nstar.social,1
1400,nullctrl.com,1
1401,nw.social,1
1402,ob-sky.net,1
1403,offended.lol,1
1404,offsky.de,1
1405,offy.space,1
1406,oge.social,1
1407,olympusdev.xyz,1
1408,ortuna.lol,1
1409,o-sadleys.com,1
1410,ownsky.org,1
1411,packetchat.tech,1
1412,packet.science,1
1413,parkerr.app,1
1414,partall.no,1
1415,patchshifter.com,1
1416,pauljr.rocks,1
1417,paul.sx,1
1418,paw.purrso.me,1
1419,pds.0x01.host,1
1420,pds.1kb.app,1
1421,pds1.north-aster.dev,1
1422,pds.20kdc.duckdns.org,1
1423,pds2.dolciss.net,1
1424,pds2.rougebordeaux.xyz,1
1425,pds.8bit.lol,1
1426,pds.a2.rip,1
1427,pds.accuser.dev,1
1428,pds.ackwell.au,1
1429,pds.adamwolf.org,1
1430,pds.advanced-eschatonics.com,1
1431,pds.aethel.xyz,1
1432,pds.agus.dev,1
1433,pds.ajcool.space,1
1434,pds.alice.tf,1
1435,pds.alpha-mongwu.com,1
1436,pds.alyxia.dev,1
1437,pds.andrew.rip,1
1438,pds.anna.lgbt,1
1439,pds.anymanystreams.cc,1
1440,pds.applicate.info,1
1441,pds.areafiftyone.dev,1
1442,pds.asashio.org,1
1443,pds.ashhhleyyy.dev,1
1444,pds.ata.moe,1
1445,pds.at.arthomnix.dev,1
1446,pds.atheistmass.com,1
1447,pds.at.logik.al,1
1448,pds.atproto-nix.org,1
1449,pds.averyrive.rs,1
1450,pds.axtch.net,1
1451,pds.ayai.dev,1
1452,pds.bacon.lol,1
1453,pds.badpenny.mn,1
1454,pds.baileytownsend.dev,1
1455,pds.bartelings.me,1
1456,pds.bearlthr.com,1
1457,pds.benjaminlowry.com,1
1458,pds.bitter.beer,1
1459,pds.bluesky.andreas-klingler.de,1
1460,pds.bluesky.docker.house,1
1461,pds.bluesky.saltyfox.one,1
1462,pds.bluesky.sindt.org,1
1463,pds.bluesky.thispilot.ru,1
1464,pds.blu.ski,1
1465,pds.boltless.me,1
1466,pds.bottomupon.top,1
1467,pds.brk.st,1
1468,pds.bromance.land,1
1469,pds.brycenaddison.com,1
1470,pds.bsky.arimelody.me,1
1471,pds.bsky.transgirl.fr,1
1472,pds.bulgarsociety.org,1
1473,pds.butwho.org,1
1474,pds.cacheblasters.com,1
1475,pds.camposs.net,1
1476,pds.cara.city,1
1477,pds.cenkalti.com,1
1478,pds.cerapter.me,1
1479,pds.chadtmiller.com,1
1480,pds.chagwood.dev,1
1481,pds.chameth.com,1
1482,pds.chaoticweg.cc,1
1483,pds.chocolatemoo53.com,1
1484,pds.cholun.me,1
1485,pds.chunky.tech,1
1486,pds.codeburke.social,1
1487,pds.codename47.co.uk,1
1488,pds.colingodsey.com,1
1489,pds.cool110.xyz,1
1490,pds.corleissen.com,1
1491,pds.cosplaye.rs,1
1492,pds.cpek6.com,1
1493,pds.c-stellar.net,1
1494,pds.d0nuts.im,1
1495,pds.daft.games,1
1496,pds.dandan.vn,1
1497,pds.deegan.id.au,1
1498,pds.destroytargetnonbasic.land,1
1499,pds.devls.de,1
1500,pds.dev.unstaticlabs.com ‚ö†Ô∏è,1
1501,pds.dewdrop.dog,1
1502,pds.dholms.xyz,1
1503,pds.dkbhadeshiya.me,1
1504,pds.dlun.ch,1
1505,pds.donchan.rocks üêç,1
1506,pds.draboros.net,1
1507,pds.dragonstonekeep.net,1
1508,pds.drollette.com,1
1509,pds.duanin2.eu,1
1510,pds.dvereb.net,1
1511,pds.easyselfhost.com,1
1512,pds.eldridge.cam,1
1513,pds.e-lee.io,1
1514,pds.eliotbeer.co.uk,1
1515,pds.eliot.sh,1
1516,pds.enderman.boo,1
1517,pds.enfront.io,1
1518,pds.enticedwanderer.com,1
1519,pds.erechorse.com,1
1520,pds.erikcr.com,1
1521,pds.evilcyberhacker.net,1
1522,pds.ext.iatfei.com,1
1523,pds.flamingos-cant.xyz,1
1524,pds.flicknow.xyz,1
1525,pds.fluxstate.info,1
1526,pds.frncs.eu,1
1527,pds.furbism.com,1
1528,pds.gael.social,1
1529,pds.gearhead.blue,1
1530,pds.gigaonion.com,1
1531,pds.gnm.dev,1
1532,pds.godless-america.com,1
1533,pds.golf1052.com,1
1534,pds.govindmohan.com,1
1535,pds.grabau.dev,1
1536,pds.groundmist.xyz,1
1537,pds.gza.jp,1
1538,pds.helegrod.dev,1
1539,pds.hemirt.com,1
1540,pds.hippmann.ch,1
1541,pds.hollingworth.nl,1
1542,pds.hooverd.dev,1
1543,pds.hotgoth.mom,1
1544,pds.icyphox.sh,1
1545,pds.igafox.jp,1
1546,pds.iiridayn.info,1
1547,pds.implied.win,1
1548,pds.inodes.org,1
1549,pds.insalubrio.us,1
1550,pds.insertapp.net,1
1551,pds.insights.blue,1
1552,pds.ionicargon.ca,1
1553,pds.isidro.xyz,1
1554,pds.isolyth.dev,1
1555,pds.izu.re,1
1556,pds.jacaro.dev,1
1557,pds.jackburfy.com,1
1558,pds.jaryk.xyz,1
1559,pds.jasdemi.com,1
1560,pds.jason13.my.id,1
1561,pds.jasontenpenny.com,1
1562,pds.jay.xyz,1
1563,pds.jcg.re,1
1564,pds.jdh.au,1
1565,pds.jewellandmcg.com,1
1566,pds.jigglypuff.club,1
1567,pds.jlauser.net,1
1568,pds.johnharrison.cc,1
1569,pds.jp.world,1
1570,pds.jp-z.jp,1
1571,pds.juliatto.dev,1
1572,pds.justingarrison.com,1
1573,pds.justinm.one ü¶Ä,1
1574,pds.kafkaa.xyz,1
1575,pds.kennethfalck.net,1
1576,pds.kiarc.win,1
1577,pds.kohweijie.com,1
1578,pds.krasovs.ky,1
1579,pds.kulupu.party,1
1580,pds.labrecheho.me,1
1581,pds.lapidak.is,1
1582,pds.leoi.dev,1
1583,pds.le-pri.me,1
1584,pds.lordcheeto.com,1
1585,pds.lostcause.house,1
1586,pds.lovethelielietolove.com,1
1587,pds.lukeacl.com,1
1588,pds.macalinao.org,1
1589,pds.macknz.com,1
1590,pds.maggie.fyi,1
1591,pds.malauren.be,1
1592,pds.mark-xipil.com,1
1593,pds.martinojones.com,1
1594,pds.massivebox.net,1
1595,pds.mastonon.net,1
1596,pds.matsuuratomoya.com,1
1597,pds.mattforster.social,1
1598,pds.mau.fi,1
1599,pds.mccoy.dev,1
1600,pds.mcmanus.tech,1
1601,pds.mechanus.org,1
1602,pds.megantoots.com,1
1603,pds.midka.dev,1
1604,pds.mkizka.dev,1
1605,pds.mosasa.dog,1
1606,pds.name,1
1607,pds.necauq.ua,1
1608,pds.nelind.dk,1
1609,pds.nickmohoric.dev,1
1610,pds.nightshade.network,1
1611,pds.nikore.net,1
1612,pds.nilaallj.se,1
1613,pds.nixeneko.info,1
1614,pds.nkp.pet,1
1615,pds.notfire.cc,1
1616,pds.noyer.app,1
1617,pds.npu.world,1
1618,pds.numergent.com,1
1619,pds.ocbwoy3.dev,1
1620,pds.oikos.exposed,1
1621,pds.oncomputing.dev,1
1622,pds.onkilter.net,1
1623,pds.onymix.eu,1
1624,pds.oois.xyz,1
1625,pds.oronar.net,1
1626,pds.orthanc.nz,1
1627,pds.oscarmlage.com,1
1628,pds.parakeet.at,1
1629,pds.pdsmoover.com ‚ö†Ô∏è,1
1630,pds.peepo.social,1
1631,pds.perfectfall.com,1
1632,pds.perska.net,1
1633,pds.phillipcook.us,1
1634,pds.pilson.me,1
1635,pds.pokete.com,1
1636,pds.princesseaudrey.xyz ‚ö†Ô∏è,1
1637,pds.proto.cool,1
1638,pds.protoloom.com,1
1639,pds.prq.nu,1
1640,pds.putnam.computer,1
1641,pds.pvey.es,1
1642,pds.pz.lc,1
1643,pds.qrouland.com,1
1644,pds.queralt.social,1
1645,pds.quietengineer.fyi,1
1646,pds.racc.blue,1
1647,pds.rafael.my,1
1648,pds.randhome.io,1
1649,pds.reckless.dev,1
1650,pds.reinvent-trivia.com,1
1651,pds.reisvelloso.com,1
1652,pds.rgst.io,1
1653,pds.rnrd.eu,1
1654,pds.rocio.blue,1
1655,pds.roppongimfg.xyz,1
1656,pds.rosepetalkitty.cc,1
1657,pds.rudis.dev,1
1658,pds.sacpack.org,1
1659,pds.samantha.wiki,1
1660,pds.sarahjen.com,1
1661,pds.sarasoci.al,1
1662,pds.secco.dev,1
1663,pds.shaggylabs.com,1
1664,pds.shatteredsky.net ü¶Ä,1
1665,pds.shigepon.net,1
1666,pds.shivan.xyz,1
1667,pds.shun-shin.com,1
1668,pds.shunyaek.se,1
1669,pds.shuuji3.xyz,1
1670,pds.sirby.dev,1
1671,pds.siv.run,1
1672,pds.sky.boo,1
1673,pds.social.allem43.se,1
1674,pds.sommarnatten.se,1
1675,pds.southcape.org,1
1676,pds.spawninsane.com,1
1677,pdsss.dynv6.net,1
1678,pds.star-dog.net,1
1679,pds.stellz.club,1
1680,pds.straaubs.garden,1
1681,pds.str-sin.uk,1
1682,pds.studiolab69.xyz,1
1683,pds.svrt.me,1
1684,pds.sydpaa.de,1
1685,pds.szumserver.eu,1
1686,pds.taylorlocus.co.uk,1
1687,pds.techforwhat.xyz,1
1688,pds.techie.dad,1
1689,pds.tessa.sh ‚ö†Ô∏è,1
1690,pds-testing.bun.how,1
1691,pds.tgirl.gay,1
1692,pds.thatonegeekguy.com,1
1693,pds.thebar.world,1
1694,pds.thefishing.dev,1
1695,pds.thequinn.org,1
1696,pds.timburga.social,1
1697,pds.timjefferson.info,1
1698,pds.timnsky.com,1
1699,pds.timonsku.zip,1
1700,pds.timryan.org,1
1701,pds.timtinkers.online,1
1702,pds.tokimeki.tech,1
1703,pds.tomfos.tr,1
1704,pds.tomkoreny.com,1
1705,pds.tophhie.cloud,1
1706,pds.tracklist.diy,1
1707,pds.triarcio.sh,1
1708,pds.tricyclepickle.com,1
1709,pds.tuttipazzi.cyou,1
1710,pds.umjammer.chinstrap.org,1
1711,pds.umlaut.hu,1
1712,pds.urls.loan,1
1713,pds.usounds.work,1
1714,pds.var.aether.earth,1
1715,pds.vrn.im,1
1716,pds.wafer.baby,1
1717,pds.watch-tower.net,1
1718,pds.whimza.com,1
1719,pds.wico.lol,1
1720,pds.wiiu.ncat.cafe üêç,1
1721,pds.williamhazard.co,1
1722,pds.winesky.app,1
1723,pds.wiro.world,1
1724,pds.woovie.net,1
1725,pds.wyvern.rip,1
1726,pds.xayah.net,1
1727,pds.y0.rs,1
1728,pds.yiik.ing,1
1729,pds.ypak.co,1
1730,pds.zccx.net,1
1731,pds.zenchant.live,1
1732,pds.zind.online,1
1733,pds.znsk.ca,1
1734,pear.cat,1
1735,peedee.es,1
1736,penguinowl.dev,1
1737,penisseur.com,1
1738,peoplespower.global,1
1739,petertanner.dev,1
1740,petitl.fr,1
1741,phase.social,1
1742,philly.sh,1
1743,phobosnet.uk,1
1744,phoozle.com,1
1745,pierre.slowte.ch,1
1746,pimaker.at,1
1747,piwo.cc,1
1748,pizzasox.com,1
1749,planetary.defense.system.functional.technology,1
1750,plantroon.com,1
1751,pleasant.rest,1
1752,plony.kz,1
1753,plutus.tylerwhitney.com,1
1754,poehls.at,1
1755,polarfox.app,1
1756,poosky.social,1
1757,postx.social,1
1758,poweredbyadhd.net,1
1759,primula.my.id,1
1760,protogen.online,1
1761,proyectotlb.com,1
1762,puppy.pizza,1
1763,purpleskye.net,1
1764,purplesky.virtualhumanity.com,1
1765,purser.link,1
1766,quabble.io,1
1767,quilt.com.tw,1
1768,rac3c0ndition.net,1
1769,rafal.hacus.pl,1
1770,rant.cafe,1
1771,raptorpenguin.net,1
1772,rasmussen.engineering,1
1773,ravimo.online,1
1774,rayi512x.com,1
1775,redneck.social,1
1776,researchhub.network,1
1777,retrodev.com,1
1778,ricardocosme.eu,1
1779,rmh.social,1
1780,robmonline.net,1
1781,rope.pics,1
1782,roseapollo.com,1
1783,rossignol-gordon.tech,1
1784,rtko.eu,1
1785,rubberskunk.de,1
1786,ruimoreira.uk,1
1787,saclgbtq.com,1
1788,salty.house,1
1789,sameed.net,1
1790,santana.nyc,1
1791,sapph.dev,1
1792,satdump.org,1
1793,scaryhairy.monster,1
1794,schplorph.com,1
1795,schumacher.social,1
1796,seaknot.studio,1
1797,secmac.com,1
1798,seconds.observer,1
1799,sfe.blue,1
1800,shadow.rip,1
1801,shareframe.social,1
1802,shifty.social,1
1803,shirls.org,1
1804,shrosbree.co.uk,1
1805,sif.io,1
1806,silfversward.se,1
1807,siliconaurora.com,1
1808,si.lly.social,1
1809,simonian.social,1
1810,simulationdevs.com,1
1811,skeleton.rodeo,1
1812,skril.la,1
1813,sky.11.surf,1
1814,skybot.party,1
1815,sky.f20cd2.sh,1
1816,sky.faithcollapsing.com,1
1817,sky.hibana.me,1
1818,sky.iamernie.ca,1
1819,sky.interfree.ca,1
1820,sky.lain.is,1
1821,sky.lalafell.org,1
1822,skymate.social,1
1823,sky.mrr.nz,1
1824,sky.orz.uno,1
1825,sky.publishdigital.com,1
1826,sky.see.micenest.xyz,1
1827,sky.ultimatezones.net,1
1828,sky.without.systems,1
1829,slama.dev,1
1830,slawrence.blog,1
1831,small.patatas.ca,1
1832,snobunny.net,1
1833,sns.devicenet.kr,1
1834,soaringfox.social,1
1835,soc.exquant.com,1
1836,social.brentwashburn.com,1
1837,social.dnix.de,1
1838,social.egair.eu,1
1839,social.eromedia.net,1
1840,social.forthright.engineer,1
1841,social.geoffreyconley.xyz,1
1842,social.jkei.club,1
1843,social.john9francis.com,1
1844,social.kemonos.net,1
1845,social.lalaluna.me,1
1846,social.michael-lloyd-lee.me.uk,1
1847,social.nerdynarwhal.com,1
1848,social.nicu.pl,1
1849,social.remotesec.io,1
1850,social.scolasti.co,1
1851,social.secwarz.com,1
1852,social.shypan.st,1
1853,social.siran.us,1
1854,social.sunships.info,1
1855,social.svenkl.net,1
1856,social.syntaxbender.com,1
1857,songbc.com,1
1858,sophiah.gay,1
1859,southsiderva.social,1
1860,sowedu.net,1
1861,spap.cloud,1
1862,spd.smokepowered.com,1
1863,sp-rky.dev ‚ö†Ô∏è,1
1864,staging.rizzler.social,1
1865,starburst.social,1
1866,stasisb.org,1
1867,stefans.house,1
1868,stgeor.ge,1
1869,strongjaw.org,1
1870,stuartmiller.dev,1
1871,stylism.moe,1
1872,sunaba.io,1
1873,sunrisecms.com,1
1874,symmetricforests.online,1
1875,tail.nekoraxvimpe.com,1
1876,taiwan.works,1
1877,talogue.kotodama.ca,1
1878,tangkristensen.dev,1
1879,tarczon.cloud,1
1880,tastefuldinosaurerotica.com,1
1881,tech1ndex.dev,1
1882,technofuckingfeudalism.com,1
1883,tech-sky.ca,1
1884,terranul.dev,1
1885,test.bsky.dodo.haus,1
1886,test.wtf,1
1887,tetraonid.com,1
1888,thats.art,1
1889,the.bleak.black,1
1890,the-destro.com,1
1891,thegooseandthebear.com,1
1892,thejojo.ca,1
1893,thelees.me,1
1894,themeparkinnovations.com,1
1895,theparlor.org,1
1896,theshi.re,1
1897,the.skoof.ca,1
1898,thoughtify.space,1
1899,threatt.network,1
1900,tms7331.xyz,1
1901,toedi.xyz,1
1902,tokedgamers.com,1
1903,tokushima-fudousan.com,1
1904,tomkrizan.com,1
1905,topfraggers.org,1
1906,topperscharlotte.com,1
1907,tradr.social,1
1908,trashcan.live,1
1909,tribecans.com,1
1910,troll.social,1
1911,trxl.io,1
1912,ttai.dev,1
1913,tweethive.net,1
1914,twink.lgbt,1
1915,twitter.moe,1
1916,twoeggs.team,1
1917,u.layeredlogo.com,1
1918,unfoundbug.co.uk,1
1919,unifist.social,1
1920,unsupervised.online,1
1921,update.namandixit.net,1
1922,usdc.okdog.link,1
1923,valleyandridgegames.com,1
1924,vapid.blue,1
1925,vicky.rs,1
1926,vipde.f5.si,1
1927,vkr.onl,1
1928,v-laboratory.com,1
1929,voidtone.dev,1
1930,vtb.yt,1
1931,vtube.space,1
1932,waifu.page,1
1933,warhaggis.com,1
1934,wedembois.biz,1
1935,weiliangchang.com,1
1936,wildwolf.dev,1
1937,williamlsnyder.net,1
1938,witchof.space,1
1939,wones.co.uk,1
1940,workinggirl.xyz,1
1941,wowpowchow.com,1
1942,xiushen.social,1
1943,x.mt.social,1
1944,xoddiel.me,1
1945,xpds.infodox.net,1
1946,xsucks.kylebtodd.us,1
1947,xylophilist.zapto.org,1
1948,yapfest.club,1
1949,yaska.lol,1
1950,yeet.fm,1
1951,yeva.su,1
1952,yourdad.xxx,1
1953,yourjelly.dev,1
1954,your-mommy.org,1
1955,yourmom.xxx,1
1956,yumeka.cc,1
1957,zaluka.xyz,1
1958,zazen.social,1
1959,zelixolab.com,1
1960,ziikmt-evxoqa.users.cfx.re üêç,1
1961,zima.ge,1
1962,zq.ie,1
1963,zulaica.social,1
1964,zverev.xyz,1
