hostname,status,accountCount,seq
amanita.us-east.host.bsky.network,active,179658,650068253
porcini.us-east.host.bsky.network,active,182273,675393929
lepista.us-west.host.bsky.network,active,91078,225415452
blewit.us-west.host.bsky.network,active,91549,232207534
oysterling.us-west.host.bsky.network,active,107031,125126298
dapperling.us-west.host.bsky.network,active,98867,96136791
brittlegill.us-west.host.bsky.network,active,102306,117809776
magic.us-west.host.bsky.network,active,93513,174613631
waxcap.us-west.host.bsky.network,active,99942,97317893
ganoderma.us-west.host.bsky.network,active,146298,240201832
lionsmane.us-east.host.bsky.network,active,181510,660288106
meadow.us-east.host.bsky.network,active,137751,226682031
polarfox.app,active,1,2879
pds.nocab.lol,active,2,105015
bs.cafepots.net,active,1,1675
all-the-hobbies.xyz,active,2,231
myrestone.land,active,2,549
tangkristensen.dev,active,1,431
hackintech.cc,active,1,8306
bluesky.landlordsguild.com,active,1,121
flw.si,active,2,69
2queer.xyz,active,2,3724
bsky.coltonenglish.me,active,2,415
pds.futur.blue,active,5,23766
gomphus.us-west.host.bsky.network,active,147392,246249382
bsky.extendtherapy.com,active,1,3968
silverhand.cc,active,3,1753
infoveinx.lol,active,1,210
pds.buymymojo.net,active,2,22610
lumihanki.net,active,1,1557
index.hm,active,1,1499
reckoneer.dev,idle,1,424
skyfurs.social,active,3,2034
lansley.com,active,1,47
pds.icyphox.sh,active,1,6295
nblaker.com,active,1,110
bluesky.rondie.org,active,1,333
hygrophorus.us-west.host.bsky.network,active,373232,54240065
yurisnight.app,active,1,332
bluesky.theberts.com,active,1,151
oablglas.meynier.bzh,active,1,533
at.grjte.sh,active,1,294
pds.at.arthomnix.dev,active,1,2217
warhaggis.com,active,1,2518
jplt.com,active,1,1036
bsky.spragueco.com,active,2,3644
pds.bsky.ln4.net,active,6,3262
bsky.mcphail.uk,active,2,1944
jrash.net,active,1,637
bluesky.cryne.me,active,1,146
bsky.coffeesec.com,active,1,2959
pds.butwho.org,active,2,4048
bluesky.siacone.art,active,4,670
skyen.live,active,4,16062
bsky.mikewells.name,active,1,1535
bluesky.victimcache.com,active,1,389
purr.mrrp.lol,active,3,18347
tail.nekoraxvimpe.com,active,1,8769
hipauls.com,active,1,7604
bsky.yona.moe,active,1,8490
bsky.gib.cool,active,1,676
sky.f20cd2.sh,active,1,257
coral.us-east.host.bsky.network,active,93493,174983333
catric333.xyz,active,2,5063
wallera.computer,active,2,10887
chancellor.social,active,1,27492
bsky.blister.zip,active,1,2351
bsky.itcountrythai.com,active,2,146
at.thenote.app,active,7,97864
thoughtify.space,active,1,30033
agaric.us-west.host.bsky.network,active,91121,229607553
atp.retroheart.net,active,3,2861
amycheng.dev,active,1,964
salty.house,active,1,91342
bluesky.sanin.dev,active,2,1612
pds.sky.boo,active,2,68
gennrich.fyi,active,1,863
at.randev.xyz,active,1,172
bsky.alahmn.at,active,1,31135
stuartmiller.dev,active,1,457
pds.kohweijie.com,active,1,79
pds.r-12.net,active,2,6910
at.mitsuse.jp,active,1,10257
pds.danni.id,active,1,2356
bluesky.llarian.net,active,1,17306
pds.ka.ag,active,1,342
goldenear.us-west.host.bsky.network,active,99481,95891688
nvll.xyz,active,2,5547
ukozi.social,active,2,612
0x9.at,active,3,2047
bsky.gsheps.net,active,2,8874
goeo.lol,active,3,25682
pioppino.us-west.host.bsky.network,active,99311,96223649
bsky.joeth.uk,active,1,7423
earthstar.us-east.host.bsky.network,active,136916,223667998
bankera.us-west.host.bsky.network,active,374559,56221816
bluesky.mousses.xyz,active,1,1544
pds.zind.online,active,1,488
pds.anna.lgbt,active,1,23589
bluesky.tauheed-elahee.com,active,1,3555
at-pds.whiteside.io,active,5,673
buenobunny.digital,active,1,1547
chewie-lin.me,active,1,252
soc.exquant.com,active,1,632
bsky.soopy.moe,active,1,4910
agrocybe.us-west.host.bsky.network,active,374971,58998910
cocoon.hailey.at,active,5,117
pds.flamingos-cant.xyz,active,1,9141
bsky.gsuscs.xyz,active,3,71409
mypds.cc,active,1,2996
bsk.ujnet.org,active,1,2846
sky.ultimatezones.net,active,1,1063
bsky.antti.codes,active,1,170
bsky.chaotic.cx,active,1,378
farlands.cafe,active,2,2204
pds.jmarkle.ca,active,1,58
redneck.social,active,1,6085
social.nerdynarwhal.com,active,1,22
pds.falafel.blog,active,1,1509
nortelnet.works,active,1,1030
pds.whimza.com,active,1,51
bsky.bbinfra.net,active,1,1084
doft.blue,active,1,253
bluesky.zwangsjacken.net,active,1,2041
civicforge.solutions,active,1,237
social.michael-lloyd-lee.me.uk,active,1,6593
enoki.us-east.host.bsky.network,active,182154,670227882
postx.social,active,1,2234
pds.lordcheeto.com,active,1,173
yellowfoot.us-west.host.bsky.network,active,117976,136438465
bluesky.flokinet.social,active,2,467
bsky.j0.lol,active,2,10905
b.lordfuckpuppy.social,active,6,17032
lacunas.net,active,7,34683
scalycap.us-west.host.bsky.network,active,106928,127921693
panus.us-west.host.bsky.network,active,116935,76531679
hydnum.us-west.host.bsky.network,active,90955,231790062
social.forthright.engineer,idle,0,2360
thejojo.ca,active,3,61595
bsky.hrry.me,active,1,924
pds.jasontenpenny.com,active,1,1571
ugns.link,active,4,1823
pds.innumerable-wounds.com,active,1,1701
hebeloma.us-west.host.bsky.network,active,374773,57159880
papillon.coissac.eu,active,1,3383
hellthread.pro,active,8,56345
bsky.nanao.moe,active,2,351
bsky.basil.quest,active,1,556
pds.justdavi.dev,active,3,439
blogsky.venki.dev,active,18,3394
bsky.theorangeone.net,active,1,385
blue.ciql.net,active,1,1692
bsky.aenead.net,active,9,18234
bs.fribbynetwork.net,active,2,647
pds.orthanc.nz,active,1,66
bsky.glos24.pl,active,1,159
pds.cold-albion.net,active,2,8537
pds.mattforster.social,active,1,265
bsky.godotto.net,active,1,334
pds.bsky.transgirl.fr,active,1,465
3.td,active,2,62
basedcarl.com,active,1,25314
bsky.mikehacks.io,active,1,194
pds.yfrit.social,active,2,6941
8bitwizard.social,active,1,685
pholiota.us-west.host.bsky.network,active,373883,57686611
kitch.social,active,1,687
cathrow.social,active,1,946
pds.grabau.dev,active,1,144
comrades.social,active,2,36818
bsky.bnuuy.xyz,active,1,322
haloserver.club,active,1,155
bsky.col.social,active,1,3525
altq.net,active,11,41777
pds.mikemerritt.xyz,active,1,588
vicky.rs,active,1,7354
mraz.org,active,2,1208
heymrbass.com,active,1,3350
pds.yiik.ing,active,1,1020
mijnbluesky.nl,active,1,278
gomphidius.us-west.host.bsky.network,active,373905,57056191
eatmybruises.com,active,1,406
sky.see.micenest.xyz,active,1,3947
bsky.meierhost.com,active,1,2619
psathyrella.us-west.host.bsky.network,active,117420,77488315
pds.gitlost.net,active,2,8504
oge.social,active,1,18019
pds.eliotbeer.co.uk,active,1,892
shaggymane.us-west.host.bsky.network,active,148067,249077171
bsky.olympichek.dev,active,1,256
gbears.social,active,1,7558
at.betweentheborders.com,active,1,1073
bsky.rm-r.org,active,1,676
skril.la,active,1,1201
bsky.krmcbride.dev,active,1,5053
btucker.net,active,1,1008
pds.triarcio.sh,active,1,733
fibercap.us-west.host.bsky.network,active,103060,124744687
atp.shaunguimond.com,active,1,26691
b.yufushiro.dev,active,1,842
pds.personinyourph.one,active,2,4299
starburst.social,active,1,214
petertanner.dev,active,1,298
bsky.jasonmc.com,active,1,5233
bluesky.cocamserverguild.com,active,2,908
entoloma.us-west.host.bsky.network,active,374175,59329504
diyhuman.ca,active,1,684
knotbin.xyz,active,10,11968
shiitake.us-east.host.bsky.network,active,181180,662645818
bsky.wtr.app,active,1,609
comstar.space,active,1,689
maid.doll.gl,active,1,211
pds.izala.gg,active,1,610
pds.hayden.moe,active,1,4973
t-a-sa.net,active,4,974
bluesky.haojia-wu.com,active,1,1183
retrodev.com,active,1,2255
vipde.f5.si,active,1,800
bsky.carrier.family,active,1,318
pds.midka.dev,active,1,102
grapevyne.social,active,23,2096
040bsky.nl,active,1,158
bluesky.basking.monster,active,1,15007
pds.bluesky.thispilot.ru,active,1,1235
matsutake.us-west.host.bsky.network,active,147963,248379965
uhh.how,active,1,55187
bsky.corgi.pub,active,1,1746
milkcap.us-west.host.bsky.network,active,147391,238615685
pds.lamp.wtf,active,3,113095
bluesky.therobbiedavis.com,active,1,1036
pds.justingarrison.com,active,1,4975
bluesky.queerbeast.com,active,2,7251
morel.us-east.host.bsky.network,active,177818,628964450
bloo.ski,active,1,4604
bsky.raptor-care.center,active,1,1150
mottlegill.us-west.host.bsky.network,active,99510,97739524
brutecub.com,active,1,1785
shimeji.us-east.host.bsky.network,active,181942,664995627
pds.jeanmachine.dev,active,3,31583
bsky.nekojimi.moe,active,2,577
clandestinecomputer.club,active,1,97
bsky.benface.com,active,1,348
oyster.us-east.host.bsky.network,active,180886,666006256
pds.thefishing.dev,active,1,4124
pds.zetaphor.com,active,1,2227
bs.zrq.io,active,1,637
modernleft.network,active,1,1070
bsky.niki-lee.com,active,1,444
pds.mechanus.org,active,1,533
c0s.net,active,1,2555
pds.draboros.net,active,1,2641
bsky.skymarchini.net,active,1,136977
bsky.haworth.id.au,active,1,303
gonnakms.lol,active,24,22475
cortinarius.us-west.host.bsky.network,active,375013,58639605
social.jkei.club,active,1,295
bsky.higgy.social,active,1,21810
calocybe.us-west.host.bsky.network,active,374595,56587337
codeandstrings.com,active,3,5415
data.cmd.wtf,active,1,1026
bluesky.varney.fr,active,1,720
pds.chadtmiller.com,active,1,8335
poisonpie.us-west.host.bsky.network,active,102775,118898633
boletus.us-west.host.bsky.network,active,91115,231901749
pds.koontz.dev,active,1,507
pds.superthread.org,active,1,334
pds.williamhazard.co,active,1,3409
kuni758.com,active,5,3864
bsky.wunk.cafe,active,2,8671
pds.edouard.paris,active,2,697
stinkhorn.us-west.host.bsky.network,active,147321,248703963
bluesky.klochwork.com,active,1,908
pds.cholun.me,active,1,463
pds.shan-web.com,active,3,6134
pierre.slowte.ch,active,1,285
scaryhairy.monster,active,1,1456
witchesbutter.us-west.host.bsky.network,active,147445,244938290
batsky.net,active,1,702
pds.mozzius.dev,active,1,1377
xoddiel.me,active,1,19980
pds.aegis.cafe,active,2,3985
bsky.qualipsoft.com,active,3,8485
pds.chocolatemoo53.com,idle,1,26
staging.rizzler.social,active,148,984
bsky.janejane.net,active,1,295
melkat.blue,active,1,963
chambana.online,active,4,11454
verpa.us-west.host.bsky.network,active,91064,233420025
pds.akizuki.best,active,18,62663
chaga.us-west.host.bsky.network,active,91162,232291652
pds.casaconejo.net,active,2,4711
kumorizora.net,active,1,1575
sidaravicius.com,active,1,39104
pds.sarasoci.al,active,1,59815
cordyceps.us-west.host.bsky.network,active,149603,247012199
pds.bun.how,active,8,17118
inkcap.us-east.host.bsky.network,active,182408,677919198
bsky.max-p.me,active,1,183
lalasky.fun,active,1,3407
ivanamat.es,active,1,1307
pds.underwhelming.website,active,1,1052
blueskypds.kaioconnor.org,active,1,157
network.hukoubook.com,active,6,38090
bluesky.scfreiburg.com,active,2,2095
mazegill.us-west.host.bsky.network,active,116783,77900831
pds.walloftext.ca,active,1,41285
i2s.lol,active,1,828
bs.kelbie.scot,active,1,171
bsky.secretworld.social,active,1,48728
ainur-home.de,active,2,475
iame.li,active,3,50077
bsky.carolan.io,active,1,516
jaym.in,active,1,3336
sowedu.net,active,1,430
tech1ndex.dev,active,1,265
button.us-west.host.bsky.network,active,147335,245628807
pds.jftiv.org,active,1,541
davidsmith.cloud,active,1,1052
acpr.dev,active,1,818
rooter.us-west.host.bsky.network,active,99319,97631241
bsky.doll.rehab,active,2,3656
sky.interfree.ca,active,1,689
velvetfoot.us-east.host.bsky.network,active,136826,221129061
modr.us,active,1,27699
bsky.tk439.net,active,1,202
tzv0.com,active,1,439
pds.nicoritschel.com,active,1,3781
pizzasox.com,active,1,322
datum.keays.io,active,1,6335
akizu.network,active,1,570
pds.blsky.eu,active,6,2229
woodtuft.us-west.host.bsky.network,active,107068,125125113
groules.fr,active,1,1313
splitgill.us-east.host.bsky.network,active,136670,223137024
bsky.vernid.online,active,1,3093
bsky.spoels.com,active,1,1254
b.ersei.net,active,1,3387
pds.sprk.so,active,258,19938
super.fish,active,2,4507
steffl.social,active,1,492
estrogen.farm,active,1,3467
autonomylab.xyz,active,4,882
polypore.us-west.host.bsky.network,active,99347,94683777
pds.rafael.my,active,2,874
simonian.social,active,1,169
bsky.jecalvert.com,active,1,183
disbursement.center,idle,2,429
bsky.makemake.site,active,1,292
pds.ripperoni.com,active,3,58134
pds.tricyclepickle.com,active,1,2477
bsky.kurocon.nl,active,3,3564
bsky.rpm.cc,active,1,160
bsky.tea-cats.co.uk,active,1,162
cued.social,idle,2,8
social.egair.eu,idle,2,750
bsky-pds.h3z.jp,active,2,8678
russula.us-west.host.bsky.network,active,96324,225969472
esta.endormis.cat,active,3,445
pds.wafer.baby,active,1,18214
bsky-pds.lamberti.io,active,1,982
bsky.chasalin.nl,active,1,8957
bsky.yakimapride.org,active,2,1630
meggie.bsky.dodo.haus,active,1,3575
at.shendrick.net,active,17,124110
pds.colingodsey.com,active,1,9598
bsky.alljoin.me,active,1,5216
strongjaw.org,active,1,4506
maitake.us-west.host.bsky.network,active,91505,235599924
bluesky.bitbybitsynths.com,active,1,288
babfurs.social,active,2,1336
weather-watch.group,active,1,8757
juche.social,idle,1,14
pds.chameth.com,active,1,2241
bsky.mstar.dev,active,2,7886
southla.social,active,2,15614
pds.timburga.social,active,1,16927
bluesky.druid.fi,active,3,611
bsky.liberalrepublic.org,active,2,8110
dollhouse.click,active,1,612
pds.godless-america.com,active,1,641
angellozan.live,active,1,2402
pds.helegrod.dev,active,1,14530
bluesky.ropoko.net,active,2,401
pds.coded.mom,active,1,1619
rope.pics,active,1,110
pds.ofplayers.net,active,2,25357
mycena.us-west.host.bsky.network,active,98849,95553618
catcafe.social,active,2,209
me.plutopotam.us,active,1,4148
bsky.metalgearludd.net,active,1,1431
truffle.us-east.host.bsky.network,active,137388,228102388
bluesky.onno.cool,active,1,18154
0852.uk,active,1,259
pimaker.at,active,1,5431
bsky.mestiez.nl,active,1,689
fuzzyfoot.us-west.host.bsky.network,active,117417,77505017
pds.ejmg.is,active,1,2494
demeulder.us,active,1,176
pds.ovy.sh,active,4,6993
caliko.fr,active,2,266
pds.ajcool.space,active,1,301
floret.pet,active,2,1102
cremini.us-west.host.bsky.network,active,147291,246906112
eris.chromafish.net,active,1,290
hollowfoot.us-west.host.bsky.network,active,118031,85143621
stasisb.org,active,1,2536
muscled.xyz,active,1,2007
bs.lastcallphotography.com,active,1,2661
bsky.vylion.com,active,2,2264
koehn.com,idle,1,508
bsky.hyprlab.co,active,1,7470
suillus.us-west.host.bsky.network,active,99538,94429036
pds.lewis-od.co.uk,active,1,1197
chicory.blue,active,2,1630
tastefuldinosaurerotica.com,active,1,3945
bsky.jtriley.com,active,1,212
bsky.sneezey.uk,active,1,120
aaronoellis.com,active,2,4542
bluesky.namisunami.com,active,1,1577
latexdrone.com,active,1,3887
choomga.ng,active,5,2393
pds.kelinci.net,active,2,13735
pds.woovie.net,active,1,21170
adult-pds.com,active,1,99
mpowers.net,active,1,291
blue.jbonomi.dev,active,1,2106
timeto.resist.is,active,2,1416
elcentro.social,active,1,523
socl.is,active,9,13666
evil.black,active,1,1103
pds.invoxiplaygames.com,active,6,20758
deydas.me,active,1,47
atme.im,active,1,778
jedillama.social,active,5,33513
pds.360.cymru,active,20,6772
chanterelle.us-west.host.bsky.network,active,147580,246845344
pds.chrismcleod.social,active,1,4687
social.wiredcloud.xyz,active,12,17724
mraow.party,active,6,26136
pds.snep.business,active,3,10068
lolc.at,active,3,10846
pds.bromance.land,active,1,462
parasol.us-east.host.bsky.network,active,136722,227718047
bluesky.yorgos.net.gr,active,1,236
bs1.stoiccebalrai.com,active,2,502
grisette.us-west.host.bsky.network,active,99400,92091219
ami.social,active,3,17529
pds.usounds.work,active,2,6448
pds.merklehost.xyz,active,9,23447
pds.quimian.com,active,2,703
documatric.com,active,1,144950
pds.furbism.com,active,1,5629
d.on-t.work,active,1,5832
bluesky.zergy.net,active,5,10802
bs.cmeu.us,active,1,587
bsky.caffeinated.computer,active,1,183
bn2b.com,active,1,1221
pds.jay.xyz,active,1,1160
atproto.tiuxo.com,active,1,1066
proto.sorcie.re,active,1,902
codesenpai.dev,active,1,103
jhixson.net,active,1,678
troll.social,active,1,4845
social.015.sh,active,3,545
bsky.davepeck.dev,active,1,1011
woodear.us-west.host.bsky.network,active,94283,172016478
sky.faithcollapsing.com,active,1,2746
pds.frncs.eu,active,1,11271
bsky.atri.dad,idle,1,517
pds.leoi.dev,active,1,3369
theatl.social,active,7,21068
pds.cauda.cloud,active,4,16289
at.nihili.st,active,2,764
pleasant.rest,active,1,170
pds.eliot.sh,active,1,24
bracket.us-west.host.bsky.network,active,147746,250138248
pds.notfire.cc,active,3,1199
at.baro.dev,active,1,328
zedsocial.ca,active,2,8896
gpmidi.net,active,1,4011
ikesu.blue,active,1,210
pups.lgbt,active,2,1779
pds.billy.wales,active,1,66918
seaknot.studio,active,1,59
atp.willisdoering.net,active,1,159
pds.jigglypuff.club,active,1,2480
pds.bsky.yinzcloud.net,active,107,7987
reishi.us-east.host.bsky.network,active,136950,230834858
arume.cloud,active,1,356
steamboat.social,active,2,1087
rat.mom,active,14,156565
social.computercodeblue.com,active,2,661
ruimoreira.uk,active,1,532
puffball.us-east.host.bsky.network,active,178396,641248925
bsky.devcomp.xyz,active,1,5326
lobster.us-east.host.bsky.network,active,93846,172654598
pds.everynothing.net,active,7,1266
brioco.space,active,3,7114
pds.jp.world,active,1,3017
pds.caruanafamily.net,active,1,5581
conocybe.us-west.host.bsky.network,active,91664,232033834
helges.net,active,2,3337
bs.possumpat.io,active,4,1593
catgirls.social,active,4,1428
langan.id,active,1,1922
bsky.scalix.social,active,4,1936
talogue.kotodama.ca,active,1,1071
pds.rekmarks.com,active,1,3616
bsky.asianpianoman.com,idle,1,689
bsky.runhello.com,active,2,39834
pds.moe,active,8,21870
at.kizaing.ca,active,2,2296
scarletina.us-east.host.bsky.network,active,137445,227411934
bawbag.net,active,1,451
elfcup.us-east.host.bsky.network,active,99732,92770947
kry.pt,active,2,26
bullshido.app,active,2,982
bsky.cyrilsebek.cz,active,1,1940
the.skoof.ca,active,1,513
m.brndl.net,active,1,411
hackdefendr.com,idle,2,11416
bsky.dead10ck.dev,active,1,6460
pds-testing.bun.how,active,1,569
possumden.net,active,2,874
outof.coffee,active,9,4241
bsky.chagge.com,active,1,101574
556gauge.com,active,1,2590
doesthings.online,active,2,8954
bsky.rustamzh.com,active,1,363
small.patatas.ca,active,1,17703
bluesky.babiak.dev,active,1,393
niximac.co,active,1,1016
sky.publishdigital.com,active,1,317
pds.xayah.net,active,1,45097
pds.gore.pet,active,2,23425
bsky.zoner.work,active,7,12333
pds.moffat.io,active,1,92
leccinum.us-west.host.bsky.network,active,375708,57930197
pds.iiridayn.info,active,1,243
pds.atproto.hugeblank.dev,active,3,13021
huxian-lab.net,active,3,439
heredia.social,active,2,2531
bsky.kevoun.com,active,1,298
natpds.natalie.ee,active,1,452
bsky.callmephilip.com,active,1,19698
pds.larakin.systems,active,2,421
pds.ellie.fm,active,4,7641
pds.bernd.network,active,1,2729
blusher.us-east.host.bsky.network,active,119644,138336297
bsky.lucaslower.com,active,1,1114
bluesky.mancity.com,active,1,1177
pds.randhome.io,active,1,1264
panthercap.us-east.host.bsky.network,active,137260,224515875
kevindoyon.com,active,1,3377
pds.mbl.social,active,2,6764
pds01.threddy.social,active,5,15972
bousky.social,active,1,19588
pds.waffle.casa,active,2,3917
bsky.jinjja.ninja,active,2,1258
colchester.social,active,7,3769
pds.nilaallj.se,active,1,824
bsky.kit-a.net,active,1,8389
pds.gearhead.blue,active,1,23996
pds.furtenbach.social,active,2,948
bluesky.xsns.jp,active,1,336
joshpds.duckdns.org,active,1,80
atproto.brid.gy,active,32345,30349142
marta.fail,active,141,126463
turtleis.land,active,7,10799
pds.lobotomy.town,active,2,18709
bsky.ayma.cat,active,1,30553
at.app.wafrn.net,active,703,184339
pds.mice.tel,active,8,4970
rmh.social,active,2,325
sharkgirl.pet,active,8,41537
helvella.us-east.host.bsky.network,active,134033,225805546
bsky.chrispritchard.co.uk,active,1,375
pds.studiolab69.xyz,active,1,4160
symmetricforests.online,active,1,28646
girl.technology,active,1,16828
tweet.pub,active,19,690
dehub.club,active,1,18241
zio.blue,active,15,184454
pds.aylac.top,active,1,31250
lab.martianbase.net,active,3,72927
pds.robocracy.org,active,2,3254
pds.moll.blue,active,2,19495
pds.corleissen.com,active,1,4853
bsky.zerojay.com,active,1,13753
teto.mom,active,5,13735
chfotofilm.dk,active,1,378
pds.witchcraft.systems,active,84,248858
bsky.alyx.pink,active,1,966
userdir.de,active,5,1919
pds.cool110.xyz,active,1,2009
bsky.krrd.ing,active,1,1226
pds.zccx.net,active,1,1757
bskybot.app,active,1,1267
bskyi.social,idle,124,453
pds.pf.ie,active,2,444
pds.nelind.dk,active,2,19539
pds.lizthegrey.com,active,2,76439
bsky.izosozi.xyz,active,1,5006
pds.ata.moe,active,1,1475
bsky.dontremember.me,active,1,2484
bsky.beartok.org,active,1,1378
zulaica.social,active,1,1006
bsky-pds.vysur.com,active,1,753
blue-ocean.social,active,6,107149
pds.juanlu.space,active,2,17745
bsky.lwehmschulte.de,active,1,3846
bsky.shellfish.racing,active,2,3397
bluesky.gyozaguy.com,active,1,179
eepy.day,active,2,4143
thighjob.org,active,9,3098
pds.shatteredsky.net,active,1,10543630618930
artcru.sh,active,1,624
pds.lostcause.house,active,1,988
masr.social,active,2,1028
social.eromedia.net,active,1,1331
pds.racc.blue,active,2,2042
blanket.exentio.sexy,active,2,175
bluesky.pub.production.kvant.cloud,active,1,697
bsky.martyloo.com,active,1,85
jarmullc.com,active,3,312
bluesky.hare1039.top,active,1,629
bsky.bumbum.lol,active,1,356
bsky.pve.dev,active,1,787
hitorigoto.com,active,1,42
pds.bullfrogit.net,active,3,4198
agomes.co,active,1,462
1998.social,active,1,67
antonmajor.com,active,1,116
alloc.page,active,1,207
ameo.dev,active,1,985
apeace.cool,active,2,236
afternooncurry.com,active,2,412
at.hoijyun.org,active,1,101
blacksky.app,active,1506,1880625
bluesky.cdecker08.dev,active,1,77
blueskeet.social,active,1,220
at.ronkkol.fi,active,1,598
bluesky.h4xor.org,active,1,68
at.backs.day,active,1,82
bluesky.sexhack.me,active,2,241
bringyourown.computer,active,4,13857
blue.ahri.cloud,active,3,3722
shortform.me,active,3,242
kekeg.com,active,1,19
pds.anymanystreams.cc,active,1,504
pds.baileytownsend.dev,active,5,14134
technofuckingfeudalism.com,active,1,104
pds.dlun.ch,active,1,225
bsky.kretschmann.social,active,1,325
pds.louisvillebsky.app,active,67,5644
bsky.pipiska.org,active,3,2133
mangin.com,active,1,236
pds.mae.wtf,active,2,6010
tor0n.to,active,59,5370
sarcassem.com,active,1,45
patchshifter.com,active,1,139
pds.flicknow.xyz,active,4,207
pds.mark-xipil.com,active,2,6461
the-destro.com,active,1,138
bsky.imdevinc.com,idle,1,864
shinigami.cyou,active,5,7627
thegooseandthebear.com,active,1,95
bsky.mulambda.de,active,1,116
pds.gwei.cz,active,1,5985
ocho.app,active,46,832
gems.xyz,active,1048,123673
pds.perska.net,active,1,13
bsky.c2dv.com,active,1,260
pds.mnogu.net,active,1,100
bsky.bepste.in,active,1,124
pds.codename47.co.uk,active,1,212
ce.ntipe.de,active,1,119
bskypds.dothack.com,active,1,171
pds.aparker.io,active,1,304
meto.lol,active,1,39
bsky.day,active,4,864
muave.me,active,2,152
bsky.tena-beji.com,active,1,96
snobunny.net,active,1,689
bsky.lobadk.com,active,1,227
pds.thequinn.org,active,1,199
madeorsk.com,active,1,324
helium.wetschysour.com,active,1,234
dearcoaster.com,active,2,817
bs.natpat.cc,active,1,153
pds.sacpack.org,active,1,69
jameuwu.com,active,3,10856
pds.blu.ski,active,2,41
aagaming.me,active,1,21004
this-is-epic.space,active,5,4095
bluesky.bigkel.tech,active,1,604
pds.ypak.co,active,2,29
bs.version30.net,active,1,1239
bsky.plasmatrap.com,active,10,42939
megacasa.xyz,active,1,169
pds2.dolciss.net,active,1,47
gmandialectic.dev,active,1,759
pds.npu.world,active,1,139
secmac.com,active,1,182
bsky.doskel.net,active,1,5226
spazure.codes,active,2,1654
bluesky.theoldbadger.me,active,1,2353
me.rasc.ch,active,3,1542
pds.sirby.dev,active,1,554
offsky.de,active,1,672
terasi.my.id,active,1,936
bluesky.nickthesick.com,active,3,11565
bsky.corvidiot.com,active,1,960
bsky.emy.lu,active,2,3735
pds.sved.be,active,1,2334
atproto.storacha.network,active,6,143
bsky.talkunafraid.co.uk,active,1,135
pds.massivebox.net,active,2,1813
jibbe.rs,active,1,88
blue.frazerm.com,active,1,90
bsky.zervo.org,active,1,216
bsky.hegre.com,active,1,611
is.horse,active,1,293
pear.cat,idle,2,814
pds.duanin2.eu,active,1,9761
at.jkp.sh,active,1,887
noglegaard.com,active,1,126
futureboytech.space,active,1,613
zq.ie,active,1,1622
pds.stupid.fish,active,2,4084
at.lunareclipse.zone,active,1,10004
koyu.space,active,5,4696
filly.social,active,3,1601
bs.disruption-systems.com,idle,3,1101
bskypds.gkaelin.com,active,1,140
social.svenkl.net,active,1,615
bsky.estrogen.plus,active,2,512
pds.areafiftyone.dev,active,1,144
unsupervised.online,active,1,436
yourjelly.dev,active,1,748
phase.social,active,2,1329
at.crit.run,active,3,1003
pds.bluesky.andreas-klingler.de,active,1,157
bsky.techhangout.social,active,3,234
redsky.beelzeboss.de,active,3,1803
bsky.rznd.com.br,active,1,136
bs.lehtiin.eu,active,1,499
kill9.net,active,1,1292
5o3.dev,active,1,426
chat.totaldataloss.com,active,1,113
social.remotesec.io,active,1,186
planetary.defense.system.functional.technology,active,1,1713
roseapollo.com,active,1,567
defcon1.me,active,1,9
bsky.circuitrinos.com,active,1,1486
pds.bacon.lol,active,1,1992
pds.sappho.systems,active,1,1873
angrygayunicorn.com,active,2,298
sky.mrr.nz,active,1,1210
hitechlowlife.com,active,1,194
the.bleak.black,active,1,343
bsky.simply-vibing.com,active,2,613
bsky.call-151.net,active,1,1694
zoeys.computer,active,2,488
mtb.wtf,active,1,304
block36.gay,active,1,373
pds.enderman.boo,active,1,104
bluesky.carterpape.com,active,2,282
skyblue.cc,active,2,3401
bsky.sly.sh,active,1,222
testpds.aitorres.com,active,3,39
pds.periwinkle.sh,active,1,544
satdump.org,active,1,525
bs.pasqal.ovh,idle,1,356
ny4.dev,idle,1,24
skystack.xyz,idle,45,643
purr.systems,active,3,646
pds.queralt.social,active,1,326
odyniec.org,active,2,576
mackc.org,active,1,221
bluesky.casually.cat,active,1,4530
pi.equals.3.141592653589793.ru,active,1,98
bluesky.zark.nl,active,2,303
araulin.eu,active,1,336
gh0st.social,active,1,11
darkmatter.rocks,active,2,598
bsky.frunkaf.com,active,1,1281
social.dnix.de,active,1,1053
comind.network,active,8,128851
rsky.ripperoni.com,idle,6,72
bluesky.scalastic.io,active,1,82
xylophilist.zapto.org,active,1,917
bsky.on-a-ps4.lol,active,3,9006
pds.dragonstonekeep.net,active,1,311
rob365.social,active,2,590
comsmith.blue,active,1,793
pds.justinmacneil.ca,active,1,10
pds.over.rest,active,4,792
dblabs.co.uk,active,1,323
gaze.systems,active,4,12396
pds.isolyth.dev,active,1,8120
pds.straaubs.garden,active,1,74
bsky.bowdens.me,active,2,354
app.leafplaza.eu,active,4,557
pds.serhef.com,idle,0,101
pds.xophoros.com,active,2,151
bsky.kikisuniverse.com,active,1,28931
pds.n2.pm,active,5,1822
pds.wico.lol,active,1,188
pds.samantha.wiki,active,2,3584
pds.spawninsane.com,active,1,353
bluesky.bitbybitphoto.com,active,1,253
o-sadleys.com,active,1,289
pds.synth.download,active,16,9535
pds.gael.social,active,1,229
bluesky.constaq.se,active,1,237
mlineritsch.dev,active,1,48
tetraonid.com,active,1,306
social.eyevinn.technology,active,1,792
bsky.nordisk.cloud,active,2,966
pds.hollingworth.nl,active,1,269
sky.11.surf,active,1,629
pds.enticedwanderer.com,active,1,262
bsky.caprica.cafe,active,2,136
bsky.danielkent.net,active,1,59
bluesync.social,idle,8,63
at.arles.us,active,1,362
bsky.tearow.com,active,1,536
blue.eldritch.gift,active,1,385
bluesky.kiefer.dk,active,2,96
atproto.systems,active,9,105772
bsky.pds.sussch.space,active,1,1242
bsky.bortle-host.io,active,1,89
boskma.frl,active,1,111
hadarkent.com,active,1,251
bsky.littletcg.fr,active,3,893
liliangomes.com,active,1,257
pds.timonsku.zip,active,1,25
adam759.net,active,1,2302
macrottie.dev,active,1,46
williamlsnyder.net,active,1,183
hivetasks.com,active,1,412
pds.mosasa.dog,active,1,240
bsky.spooky.gg,active,1,76
honey-lab.co,active,2,705
yapfest.club,active,1,408
bluesky.senko-san.com,active,1,1504
hacktheplanet.social,active,2,224
bsky.substandard.info,active,1,149
bsky.lucas.love,active,1,667
ecow.dev,active,1,2142
333000333.xyz,active,1,38
bsky.jltml.me,active,1,209
bsky.the-hive-mind.org,active,1,723
rubberskunk.de,active,1,56
pds.chagwood.dev,active,1,86
pds.numergent.com,active,1,4595
pds.coord.dev,active,36,4504
pds.jonojr.dev,active,1,85
pds.nixeneko.info,active,1,155
derschlingel01.de,active,2,237
amplifier.site,active,1,12
ob-sky.net,active,1,203
pds.tomfos.tr,active,1,158
cclabpro.org,active,1,164
soaringfox.social,active,1,102
at.heyvictorfrost.com,active,1,1048
ttai.dev,active,1,115
bsky.bigboy.us,active,1,52
bsky.aki.cat,active,1,722
1337-pd5.eddmil.es,active,1,102
bs.idiocy.org,active,1,211
pds.rgst.io,active,1,402
bluesky.kirato.lgbt,active,1,103
bsky.athemis.de,active,1,255
bsky.pink,active,3,322
bs.podonaut.com,active,1,167
radixians.org,active,60,377
pds.implied.win,active,1,254
moo.news,active,2,94
pds.tokimeki.tech,active,1,35
atproto.sathani.com,active,1,49
pds.trickylabyrinth.xyz,active,1,131
pds.wiro.world,active,1,108
bsky.kmaschta.me,active,1,146
pds.indexx.dev,active,10,12434
matthewzipkin.com,active,1,484
pds.pilson.me,active,1,68
social.scolasti.co,active,1,75
sky.nevrosvn.com,active,2,149
drakeno.de,active,1,233
bsky.nimdok.io,active,1,82
pds.skyfeed.dev,active,6,953
blu.pikafan.de,active,1,346
bsky.theoswalds.com,active,1,376
lacunabsky.org,active,1,229
bsky.eax.dev,active,2,2081
divy.zone,active,2,321
btest.raven.scot,idle,1,5
bluesky.memohat.xyz,active,1,124
pds.lukegb.com,active,1,289
pds.cerapter.me,active,2,128
deergoat.club,active,2,60
reszke.dev,active,1,387
at.bnbdiscord.net,active,11,1230
mpi-bluesky-pds.mpi-sws.org,active,57,557
blsk.neonweb.org,active,1,151
sky.without.systems,active,1,96
social.sunkcost.dev,active,1,36
skeleton.rodeo,active,1,4429
bsky.sztupy.hu,active,1,73
pds.szumserver.eu,active,1,856
simulationdevs.com,active,1,34
unifist.social,active,1,1128
bluesky.greifenhorst.de,active,2,370
computerwit.ch,active,1,386
your-mommy.org,idle,1,135
bsky.synkstar.ca,active,1,323
keik.in,idle,8,646
fttp.cc,idle,473,34607
birbs.party,active,1,95
mayhew.social,active,1,1017
bluesky.travisboss.xyz,active,1,542
pds.adamwolf.org,active,1,912
bsky.shadowdrake.org,active,1,74
hedgehog.us-west.host.bsky.network,idle,4,3692
pds.augustabt.com,active,1,51
bluesky.elkins.be,active,1,150
bsky.anineko.de,idle,2,82
bsky.cwpad.com,active,1,221
bluechainsforold.men,idle,1,25
goodgirl.dev,active,1,700
oysterarchery.com,active,1,470
purpleskye.net,active,1,111
noodles.name,active,3,145
pds.jcg.re,active,1,221
bluesky.mer-cantile.com,active,2,97
northsky.social,active,19,30558
pds.is.extraordinarily.cool,active,2,1417
pds.peepo.social,active,1,541
glstudios.org,active,1,59
bsky.jcd.pub,active,1,91
bevenhall.net,active,1,47
me.assie.cloud,active,1,22
bsky.missoulasucks.com,active,1,82
sky.lain.is,active,1,97
bsky.mjrm.us,active,2,75
nihilist.cloud,active,1,148
pds.syahu.com,active,5,530
zahorecz.eu,active,1,69
santana.nyc,active,1,1614
markhall.social,active,1,146
tweethive.net,active,1,515
petitl.fr,active,1,155
edbd.boats,active,1,676
at.chaogarden.social,active,8,6417
tms7331.xyz,active,1,119
bluesky.unitedparadigms.com,active,1,442
pds.jasdemi.com,active,4,4373
pds.reckless.dev,active,2,1734
profile.blue,active,2,228
bsky.hack13.me,active,1,979
aguete.es,active,1,113
pussy.fortnitehacks.download,active,2,156
rainbowgirl.moe,active,1,2011
bsky.air11.social,active,1,94
secondstoryrecords.com,active,2,328
pds.si46.world,active,10889,47462
lost-frequencies.org,active,1,2580
pds.gza.jp,active,1,3074
sns.limelee.xyz,active,2,1886
pds.ayai.dev,active,2,1562
bsky.puti.nagoya,active,1,25
okashi.social,active,63,6190
bluesky.nprsucks.com,active,1,16
ziikmt-evxoqa.users.cfx.re,active,1,376
bsky.lethedata.com,active,2,190
rtko.eu,active,1,385
littlelady.net,active,1,762
bsky.wright-home-research.co.uk,idle,2,13
pds.softeno.io,active,4,477
user.eurosky.social,active,4,47
pds.bluesky.sindt.org,active,1,124
pds.taylorlocus.co.uk,active,1,212
pds.bluesky.docker.house,active,1,538
mujarrib.com,active,1,3621
y.panzergeist.net,active,1,49
transbians.online,active,5,5263
pds.winesky.app,active,2,197
tribecans.com,active,1,180
pds.rnrd.eu,active,1,440
pds.nuu.cat,idle,1,123
pds.wyvern.rip,active,2,2219
quabble.io,active,2,30
bluesky.roombob.cat,active,1,172
grubb.scot,active,4,19
adlfrin.ge,active,1,353
pds.lovethelielietolove.com,active,1,343
keik.info,active,3293,75787
bluesky.ericmitch.com,active,1,181
me.jonbishop.com,active,1,79
atproto.digitalmethods.net,active,1,81
bsky.tkhaldi.me,active,1,95
bsky.gagniard.org,active,1,155
at.electr.us,active,1,421
pds.nikki.network,idle,1,5
bsky.wytch.in,active,1,901
bluesky.sys64.dev,active,1,111
social.geoffreyconley.xyz,active,1,985
tomkrizan.com,active,1,1061
pds.mccoy.dev,active,1,148
crime.kiwi,active,1,48
pds.bnd.social,active,2,26
hey.checkoutmy.link,active,1,120
nacl.sh,active,2,71
spap.cloud,active,1,183
jerrett.blue,active,1,153
bsky.weebsandotako.ink,active,6,1850
eris.cat,active,1,90
ricardocosme.eu,active,3,43
bsky.unicornyrainbow.org,active,1,162
bsky.muzhaqi.com,idle,1,238
sarchasm.social,active,1,51
pds.vriska.dev,active,2,46
pds.tgirl.gay,active,1,133
longisland.nyc,active,1,465
cocas-js.xsns.jp,active,1,53
firiusfoxx.live,active,1,39
jaredstark.social,active,1,32
krotscheck.social,active,1,75
pds.forthright.engineer,idle,0,530
pds.gigaonion.com,active,1,106
bsky.99rst.org,active,1,158
bluesky.duck.moe,active,1,95
bsky.blakesmith.me,active,1,22
zazen.social,active,1,499
pds.gzitvs.xyz,active,1,19
ftgub.com,active,1,47
bsky.mcr.gb.net,active,1,365
bluesky.massi1008.eu,active,2,2122
bluesky.sakurariver.ca,active,1,233
waifu.page,active,1,2404
at.atou.win,active,2,238
blueball.fraudulent.link,active,1,9161
rafu.social,active,2,30
daemons.work,active,1,56
bsky.joao.berlin,active,1,251
mairu.moe,active,1,275
update.namandixit.net,active,1,323
bsky.mcardle.xyz,idle,3,38
pds.dholms.xyz,active,1,2648
pds.oronar.net,active,1,53
consciousness.stream,active,1,119
at.bluecatnet.work,active,1,219
pds-dev.si46.world,active,122,8687
blacktechsaturdays.app,idle,2,72
zay-zay.net,active,1,96
wondercat.party,active,1,9
maze.nat20.com,active,1,315
squirrel.engineering,active,1,391
doggos.life,active,3,124
pds-nd.whey.party,active,4,476
bluesky.bachar.co,active,2,26
kyle-group.net,active,1,148
couttsnet.com,active,1,117
astronomi.ca,active,1,670
cabildo.ar,active,1,31745
bsky.scot,active,1,63
bluesky.forge.gg,active,2,80
bonedisk.com,active,1,228
pds1.north-aster.dev,active,1,13054
manhattan.distraction.engineer,active,1,13
bs.omniskop.de,active,1,154
hammyy.xyz,active,1,28
pds.perfectfall.com,active,1,1024
bsky.chrisvanderloo.com,active,3,509
social.envarcade.com,active,1,85
bsky.plums.zip,active,1,1067
pds.laurenne.gay,idle,2,12
origin.social,active,1,88
pds.bigt.ai,active,10,46
bsky.helvetet.eu,active,1,890
osney.vc,active,1,89
wowpowchow.com,active,1,53
math-anon.com,active,1,51
skyfusion.sda.studio,idle,1,10
pds.ubanis.mydns.jp,active,5,12261
pds.tootz.uk,idle,2,6
bsky.melon.rocks,active,1,93
nonbiney.net,active,1,1862
haedes.in,active,1,40
elbarrio.social,active,1,26
pds.popbob.wtf,active,9,13673
ansel.grainsocial.network,active,12,802
pds.marenthyu.de,active,1,229
bs.jfish.tech,idle,3,48
neilsoult.com,active,1,147
bsky.rominesmills.com,active,2,521
bsky.assi.sirhaug.no,active,1,37
pds.mcmanus.tech,active,1,304
arcnode.xyz,active,2,6411
bluesky.boucey.fr,active,1,28
sapph.dev,active,1,37
clouve.net,active,3,274
bsky.dayl.in,active,1,54
bluesky.elzorro-it.de,active,2,10
cooey.club,active,6,64
pds.wlo.moe,active,4,1058
bsky.moang.com.br,active,4,73
bsky.thriv.dev,active,1,18
yourmom.xxx,active,1,19
pds.a2.rip,active,1,280
pds.freddy.us,active,1,59
msardara.ovh,active,3,15
pds-bluesky.asml.berkmancenter.org,active,11,316
poweredbyadhd.net,active,1,1350
ndcoder.com,active,1,8
bsky.bytecafe.de,active,1,67
bitemy.app,active,1,191
bs.longendyke.net,active,1,39
gruen.lol,active,1,92
bluesky.kieranpotts.com,active,1,14
gluck.dev,active,1,144
stroam.social,active,49,4957
southsiderva.social,active,1,240
bluesky.ciosciaa.net,active,1,30
bluesky.ninjadom.com,active,1,1040
sky.lalafell.org,active,1,48
bluesky.literatecomputing.com,active,1,69
bsky.ls.email,active,1,36
pds.lesbloomstulsa.com,active,1,260
doublebi.ch,active,1,41
pds.zenchant.live,active,1,176
humperdink.me,active,1,122
at.cnose.xyz,active,1,214
pds.mbeaver.ca,active,1,68
bluesky.su.gy,active,3,210
bsky.ogre-man.com,active,1,222
bsky.root.rs,active,3,19
bsky.ayy.re,active,1,87
rocktoast.social,active,1,9771
bluesky.sebastinez.dev,active,2,43
at.chipprbots.com,active,2,154
mlb.st,active,1,58
bsky.ncrypted.dev,active,1,117
raptorpenguin.net,active,3,315
rant.cafe,active,2,27
bsky.dragonite.blog,active,3,27
dcdev4.ticketh.xyz,active,1,5
aggl.moe,active,1,100
cyclones.social,active,1,59
bsky.prdev.net,active,1,6
pds.amsel.dev,active,5,940
sky.unsuspicious.org,idle,1,5
phobosnet.uk,active,1,161
si46.homes,active,87,13784
maximumcannot.live,active,1,16
pds.turta.us,active,1,572
bsky.anthonychavez.dev,active,1,63
bs.peterkramer.eu,active,1,88
bluesky.foestauf.dev,active,1,320
pds.southcape.org,active,1,90
thufir.link,active,1,499
bsky.hvn.network,active,1,59
bsky.bombsquad.dev,active,1,155
bsky.cjhay.me,active,1,55
atproto.vicenti.net,active,1,10
daochi.eu,active,1,6
novum.social,active,58,5356
nobleits.ddns.net,idle,1,1689
bluesky.cole.gb.net,active,1,43
pds.brnc.at,active,1,8
pds.igafox.jp,active,3,1147
bluesky.selfjost.com,active,1,20
bsky.rbnhmr.io,idle,2,15
meangrape.com,active,2,7116
dev.frosting.social,idle,151,1032
frahm.social,active,1,69
pds.jdh.au,active,1,169
bsky.cypherstack.com,active,4,47
bluesky.talaria-tech.com,active,1,50
at.kindaconfused.com,active,1,27
pds.swamp.xn--q9jyb4c,active,1,23
dev-frosting.social,active,278,46461
fablud.de,active,1,61
habanero.f5.si,active,1,47
atproto-pds.saiyajin.space,active,2,147
social.sfproject.org,active,1,4
pds.exprsn.io,active,1,19
foru.run,active,1,88
bsky.melon.center,active,3,59
at.nogrp.net,active,2,6357
pds.j-s.sh,active,1,13
exeverse.net,active,1,20
bumblefudge.club,active,4,117
at.palaver.world,active,2,74
pds.atheistmass.com,active,50,4556
yourdad.xxx,active,1,14
mydecnet.org,active,0,73
bsky.kitsui.life,active,65,7047
pds.bluesky.saltyfox.one,active,1,117
codeslice.quest,active,2,110
sacsdsdvsdfvdvcdsv45453387-1.clouve.app,active,99,501
pds.juli.ee,active,7,4469
pds.on-her.computer,active,3,19034
bsky.aliel.fr,active,1,81
pds.parakeet.at,active,3,240
void.2dot.at,active,3,13614
bsky.lafhq.nl,active,1,60
bsky.netho.tk,active,3,149
bsky.raitisoja.cloud,active,1,143
vtb.yt,active,1,2962
bluesky.recastai.com,idle,1,13
pds.boltless.me,active,1,353
pds.easyselfhost.com,active,3,14
skies.fromouter.space,active,1,161
pds.yuri.software,active,1,10
hop.dedyn.io,active,5,415
bsky.black-carp.net,active,1,21
ricardoramos.pl,active,1,11
zima.ge,active,1,76
bluesky.mt.social,active,3,28
goblin.club,active,1,71
bsky.bytestall.info,active,1,23
coffee.ocho.app,banned,0,342
protogen.online,active,1,34
bsky.kitsunehosting.net,active,1,72
beyondcritical.com,idle,5,36
bsky.desblock.net,active,1,78
xsbluesky.xsns.jp,active,4,21
pds.chrisbriant.uk,active,1,5
yeet.fm,active,6,337
80s-crop.top,active,1,5
bsky.cpunews.net,active,3,9884
pds.blowdart.blue,active,2,44
pds.chaoticweg.cc,active,1,561
pds.dreary.dev,active,11,10177
milli.snep.business,active,1,46
pds.tgirl.cloud,active,6,24993
sharebook.me,active,1,6
pds.elxx.net,active,1,54
pds.oncomputing.dev,active,1,130
myvps.xvps.jp,idle,1,37
crimson-field-2410.fly.dev,active,4,22
bluesky.petofsally.uk,active,1,215
pds.stellz.club,active,1,654
kmbx.live,active,1,61
bluesky.lu,active,2,54
pds.tophhie.cloud,active,32,1212
pds.calibour.net,active,2,835
pds.godless-internets.org,active,2,108
pds.timtinkers.online,active,3,1611
forum.liu.li,active,1,12
ioachim.eu.org,active,1,140
at.ap5.network,active,1,246
000-torture-and-kill-all-pedophiles.verylegal.site,active,1,15
pds.techforwhat.xyz,active,1,6
pds.nkp.pet,active,1,25
pds.erechorse.com,active,1,124
bs.jtophermedia.com,active,1,96
mariana.on.amber.tel,active,2,41
pds.bsea.social,idle,22,181
pds.ewancroft.uk,idle,1,12
social.secwarz.com,active,1,68
bluesky.romaindupuy.tech,active,2,72
pds.netinertia.co.uk,active,3,725
bluesky.eduadro137.com.br,active,1,174
bsky.reve.land,active,1,27
pds.mewsse.pet,active,2,1582
nullctrl.com,active,1,2105
blue.xerfec.fr,active,1,116
x.mt.social,active,89,3341
bsky.average.name,active,2,606
bluesky.jasonwilderphotography.com,active,1,575
pds.sfproject.net,active,63,4239
bluesky.f1r3sky.pp.ua,active,4,19
pds.quietengineer.fyi,active,2,17
bsky.teremich.de,active,2,43
sea.whims.io,active,2,549
pds.dallasthe.dev,active,2,144
peedee.es,active,3,3423
sandlot.club,idle,1,5
lachlanmaxwell.com.au,active,1,213
pds.advanced-eschatonics.com,active,1,30400
pds.necauq.ua,active,3,30
pds.ackwell.au,active,3,317
mybluesky.link,active,56,5998
bsky.homestuck.fr,active,8,609
zaluka.xyz,active,1,8
bsky.autos,idle,2,12
bsky.pixp.cc,active,4,313
bsky.boats,active,1,12
skeetcentral.com,active,6,284
babyeating.democrat,idle,2,148
tngl.sh,active,799,32909
at.deedervel.com,active,1,14
rasmussen.engineering,active,3,28
pds.putnam.computer,idle,1,11
jaycee.space,active,1,20
bsky.sage.id,active,2,95
cocoon.abdl.sh,active,1,20
me.nobody.network,idle,7,80
selfhosted.social,active,21,21686
plutus.tylerwhitney.com,active,1,36
marcomaroni.it,active,3,79
pds.brownserver.net,active,1,39
witchof.space,active,1,613
bsky.nerdyfam.social,active,2,14
totallynotseth.dev,active,11,9694
pds.aethel.xyz,idle,2,59
pds.tuttipazzi.cyou,active,2,542
y0.bot,active,3,9971
akkoma.org,active,2,131
bsky.mv2k.com,active,1,2520
pds.koda-agency.io,active,37,792
pds.brycenaddison.com,active,1,539
on.gwynnie.gay,idle,1,36
bsky.secludedfox.com,active,3,30
extradimensional.space,active,1,1964
abcba.gay,active,1,11
bsky.aeronef.app,active,1,33
pds.sydpaa.de,active,3,21
pds.dinovos.com,active,1,31
bunpup.dev,active,3,37
pds.meowing.zip,active,9,6962
pds.pin.to.it,active,6,73
shitcurity.life,active,1,9
ea97aed2a04.i-d.win,active,1,6
pds.atproto-nix.org,active,3,1482
pds.camposs.net,active,1,764
blackstar.quest,active,8,92
discina.us-west.host.bsky.network,active,92931,5629946
phellinus.us-west.host.bsky.network,active,93683,5910779
chalciporus.us-west.host.bsky.network,active,94167,5740159
auriporia.us-west.host.bsky.network,active,93488,5649742
rhizopogon.us-west.host.bsky.network,active,93885,5569130
pds.dandan.vn,active,1,6
pds.chunky.tech,active,1,51
pmallen.xyz,active,1,8
i6y.me,active,1,26
bsky.nodemixaholic.com,active,2,1400
bsky.tvtyler.com,active,1,26
pds.mycel-mushrooms.com,active,2,10
chavvy.net,active,7,1244
pds.boobs.team,active,1,64985
shimaenaga.veryroundbird.house,active,4,4609
at.insertdomain.name,active,2,2809
n3rdsky.com,active,2,181
pds.gxrl.network,active,4,10509
glorp.network,active,9,1898
bsky.encode.co.nz,active,1,39
eldritch.buzz,active,1,600
at.mbao.eu,active,1,51
node.nobody.network,active,22,208
temp.chancellor.social,active,2,13
pds.tranvender.net,active,2,5820
pds.0x2142.org,active,6,1776
feder.v6.rocks,banned,75,2659
katproto.girlonthemoon.xyz,active,4,45717
pds.nickmohoric.dev,active,3,180
si46.shop,active,35,425
foodd.dynv6.net,banned,123,15492
pdsss.dynv6.net,banned,102,12134
bsky.integritaet.ch,active,2,36
bsky.violoncello.ch,active,1,131
gumby.social,active,8,45
pds.dev.retr0.id,active,1,243
pds.princesseaudrey.xyz,active,2,1034
hermitary.brad.quest,active,4,460
aircraft.social,active,2,9
at.erratique.fr,active,1,43
lythiox.com,active,1,141
bsky.marcreisner.com,active,1,130
kinectricity.social,active,9,48
blobs.dns.army,active,139,1845
beb1.duckdns.org,active,143,785
stbb.duckdns.org,active,168,939
clodt.v6.rocks,active,147,3390
pds.dollware.net,active,4,4201
nlops.duckdns.org,active,61,317
slopp.duckdns.org,active,81,421
ctsns.v6.navy,active,65,2622
blsky.kempf.contact,active,1,8
pds22.dns.army,active,43,253
mesky.org,active,5,436
cdfop.v6.navy,active,32,317
sky.dev-null.rocks,active,1,104
ericwinchell.com,active,3,44
social.notk.ai,active,2,43
willdot.xyz,active,2,354
bluesky.trashlabs.de,active,4,46
at.arimelody.space,active,6,33067
pds2.rougebordeaux.xyz,active,1,68
at.boxfox.es,active,2,143
at.bliss.town,active,4,132
butterfly.vulpinecitrus.info,active,4,1063
bluesky.jamt.land,active,1,24
pds.social.allem43.se,active,1,7
jawger.social,active,6,96
pds.sigb.us,active,1,260
nstar.social,active,9,492
pds.malauren.be,active,1,9
c00lest-kats-on.ovh,active,5,82
pds.limeleaf.dev,active,2,9
valleyandridgegames.com,active,1,81
tokedgamers.com,active,1,568
twitter.moe,active,3,1422
pds.ip-logger.com,active,7,2834
slama.dev,active,2,283
bsk.leoatriley.ddns.net,active,1,5
maxsteele.me,active,1,19
attic.zbrox.com,active,1,755
pds.run,active,3,21
pp0.co,active,2,156
packet.science,active,1,21
pds.bius.moe,active,2,50
molotr2.pds.sydpaa.de,active,0,21
molotr.pds.sydpaa.de,active,0,21
benini.xyz,active,1,111
bluesky.photography,active,1,5330
bsky.bark.wolp.chat,active,4,430
pds.barbequeer.net,active,1,129
pds.chocobo.garden,active,7,86
gondor.me,active,4,41
oxose.org,active,2,507
ashlars.co.uk,active,1,6
i.noxylva.org,active,1,21
data.keith.is,active,3,2049
pds3.princesseaudrey.xyz,active,0,1034
pds.endormis.cat,active,1,116
at.wolo.dev,active,2,31
hazeveld.org,active,2,297
aly.social,active,1,99
bejust.social,active,1,151
bluesky.barber-loera.com,active,1,64
pds.at.jojojux.de,active,3,249
pds-test.microcosm.blue,active,1,9
pds.bitnexus.com,active,1,48
bs.syruptrap.net,active,1,275
snake.xsns.jp,active,2,9
opps.inurhead.lol,active,5,6867
bsky.kazto.net,active,1,15
milli.pds.moe,active,1,560
2exp.space,active,1,41
pds.xyz,active,2,2026
openpds.online,active,1,8
badpds.avathefoxxo.gay,active,2,19
pds.finxol.io,active,3,1629
pds.thoth.cards,active,1,5
pds.fedi.my.id,active,1,510
sladr.no,active,1,138
pds.sirspudlington.dev,active,1,33
pds.stareffect.xyz,active,4,508
grnknght.app,active,1,26
creaton.social,active,1,9
sydpaa.de,active,1,5
pds.upcloud.world,active,1,4336
pds.oscarmlage.com,active,1,303
pds.meowing.de,active,2,66
bsky.drakoesper.net,active,1,47
bsky.juicey.dev,active,1,25
atproto.isincredibly.gay,active,1,139
blueskyb.org,active,5,53
pds.tamisoft.com,active,1,15
atpds1.ekdk.net,active,3,31
pds.barryf.uk,active,1,28
enyc.social,active,2,309
touhou.web.id,active,2,21
pics.lgbt,active,2,109
pds.kty.cat,active,1,717
bsky.samdornan.me,active,1,24
pds.synnc.com,active,1,5
pds.ruby0x1.ca,active,2,1025
fulltime.party,active,1,18
bluesky.dsimon.com,active,1,56
mkultra.social,active,4,249
darkpotato.me,active,2,14
ganz.gay,active,4,56
climateai.org,active,84,895
bs.seyedjafari.com,active,1,219
bluesky.dylanw.dev,active,1,15
pds.toad.host,active,2,1679
at.tny.im,active,5,379
go.indiemusi.ch,active,1,7
depechemodem.net,active,1,530
at.rita.moe,active,3,54
pds.sqrk.dev,active,7,7340
bluesky.thecrimsontint.com,active,1,1596
pds.penguinpopup.dev,active,2,253
limitof.xyz,active,1,7
jfw.ca,active,1,5
pds.madmalkav.stream,active,2,259
gamefan.net,active,2,67
hooray.social,active,1,1006
atproto-pds.drweissbrot.net,active,1,73
pds.passcod.nz,active,1,213
pds-test.keithhacks.cyou,active,1,235
pds.siorc.eu,active,2,92
b.tuna2134.jp,active,1,31
pds.tanuk.us,active,3,244
bsky.global,idle,5,30
pds.yujiwh.xyz,active,4,511
alttextlab.click,active,4,67
pds.vielle.dev,active,1,16
marian-social.de,active,2,277
pds.j4ck.xyz,active,5,895
caramelo.social.br,active,1,30
at.notri1.fr,active,1,5
pds.benaziz.ca,active,2,36
tollan.dev,active,1,20
blueskypds.brockdishart.com,active,2,75
bs.girlskissi.ng,active,3,31
pds.radiant-industries.space,active,0,21
pds.toadtoad.xyz,active,1,19
posthumus.blue,active,3,36
ashis.site,active,1,8
pds.yannyfox.ink,active,1,49
slashd0t.com,active,1,7
dracoblue.com,active,1,33
pds.laurenshof.online,active,2,369
pds.brizzle.net,active,1,244
sssocial.xxx,active,1,32
bbi.to,active,23,370
pds.skiddle.blue,active,1,9
sky.ladd.network,active,1,32
pds.euphory.gay,active,1,41
juri.woach.me,active,2,41
manic.life,active,1,24
allison683etc.servegame.com,active,3,95
pds.snorre.io,active,1,14
madebydanny.co.uk,active,2,51
evil.gay,active,13,23816
pds.bretton.dev,active,1,16
pds.becker.wales,active,1,155
pds.fuuuuuuuuu.uk,active,2,41
oyster.pds.eny.network,active,4,23
bsky.nick-in.space,active,1,15
social.ramirezzzz.org,active,1,13
