instance,type,origins,empty
bitbucket,git,2926796,
bower,git,56983,
alexschroeder.ch,git,64,
anongit.mindrot.org,git,2,
bgstack15.ddns.net,git,108,
blackhole.midnightspark.net,git,15,
browse.dgit.debian.org,git,5088,
cafarelli.fr,git,3,
cgit.alxu.ca,git,20,
cgit.bunkergate.org,git,3,
cgit.freebsd.org,git,3,
cgit.hisiste.com,git,4,
cgit.janouch.name,git,21,
channels.ones-now.com,git,1,
cheapiesystems.com,git,68,
code.mastervirt.ru,git,15,
code.qt.io,git,332,
cygwin.com,git,3721,
delwink.com,git,10,
dev.sanctum.geek.nz,git,84,
erp.ceuconsult.com:9000,git,3,
erratique.ch,git,78,
evilpiepirate.org,git,50,
fedorapeople.org,git,886,
g.blicky.net,git,44,
gcc.gnu.org,git,3,
git-old.jff.email,git,4,
git.0pointer.net,git,59,
git.acdw.net,git,59,
git.ache.one,git,32,
git.adammathes.com,git,3,
git.adbjesus.com,git,3,
git.adrian.geek.nz,git,9,
git.adriansopar.hu,git,3,
git.adyxax.org,git,30,
git.afu.re,git,5,
git.ageinghacker.net,git,10,
git.alanpearce.eu,git,18,
git.alpinelinux.org,git,18,
git.andrewyu.org,git,100,
git.ashardalon.com,git,31,
git.aurel32.net,git,11,
git.automotivelinux.org,git,244,
git.azuminha.com,git,9,
git.baserock.org,git,1502,
git.beansandpixels.se,git,3,
git.benjamin.barenblat.name,git,103,
git.benkard.de,git,26,
git.bitwiz.org.uk,git,28,
git.blazebone.com,git,7,
git.bnfr.net,git,23,
git.bpcspace.com,git,27,
git.breakpoint.cc,git,31,
git.brodokk.space,git,3,
git.build2.org,git,61,
git.busybox.net,git,31,
git.calcurse.org,git,1,
git.casa,git,23,
git.causal.agency,git,20,
git.cbaines.net,git,64,
git.cgsecurity.org,git,1,
git.chimrod.com,git,15,
git.clayosmith.net,git,5,
git.clsr.net,git,20,
git.codesynthesis.com,git,34,
git.cppget.org,git,1,
git.cryptech.is,git,97,
git.cryptomilk.org,git,18,
git.cuprictea.org,git,6,
git.cynerd.cz,git,35,
git.danieljon.es,git,34,
git.datenwolf.net,git,29,
git.dawidpotocki.com,git,9,
git.dblsaiko.net,git,13,
git.dec05eba.com,git,44,
git.deluge-torrent.org,git,1,
git.deprecated.org,git,15,
git.devys.org,git,38,
git.distress.network,git,4,
git.dmz.rs,git,1,
git.dotslashplay.it,git,8,
git.dpdk.org,git,43,
git.dpkg.org,git,8,
git.drainerdomain.xyz,git,3,
git.drobilla.net,git,22,
git.dthompson.us,git,34,
git.dwarfstd.org,git,4,
git.eagain.io,git,1,
git.eclipse.org,git,784,
git.egiz.gv.at,git,11,
git.emacsconf.org,git,3,
git.endless-turtles.com,git,16,
git.enea.com,git,75,
git.eno.space,git,4,
git.exotic.sh,git,7,
git.figboot.dev,git,5,
git.finalrewind.org,git,70,
git.fluxo.info,git,230,
git.fps.ee,git,60,
git.freaks.dev,git,6,
git.freesoftwareextremist.com,git,2,
git.fripost.org,git,10,
git.fucktheforce.de,git,33,
git.geany.org,git,10,
git.gitano.org.uk,git,85,
git.gluster.org,git,23,
git.gna.ch,git,3,
git.gnu.ca,git,3,
git.gnu.org.ua,git,178,
git.gnumonks.org,git,12,
git.gnunet.org,git,85,
git.guilhem.org,git,13,
git.hadrons.org,git,79,
git.haiku-os.org,git,4,
git.hampusmat.com,git,26,
git.harmonicflow.org,git,1,
git.helsinki.at,git,30,
git.hiegel.fr,git,12,
git.hyperbola.info:50100,git,187,
git.ibrahimmkusa.com,git,5,
git.ideasonboard.com,git,10,
git.ideasonboard.org,git,12,
git.ignore.pl,git,51,
git.immae.eu,git,59,
git.isee.biz,git,55,
git.jakesthoughts.xyz,git,8,
git.jamessan.com,git,39,
git.javispedro.com,git,36,
git.jff.email,git,25,
git.joeyh.name,git,65,
git.jon.eus,git,2,
git.jonsantmyer.com,git,14,
git.josher.dev,git,34,
git.jostro.uk,git,1,
git.jpnc.info,git,4,
git.jroy.ca,git,1,
git.kernel.dk,git,5,
git.kernel.org,git,1242,
git.kevinlegouguec.net,git,5,
git.khirnov.net,git,211,
git.kobert.dev,git,26,
git.koszko.org,git,45,
git.kyleam.com,git,10,
git.kyriasis.com,git,28,
git.lambda.cx,git,2,
git.lekensteyn.nl,git,21,
git.libcamera.org,git,7,
git.libssh.org,git,4,
git.linta.de,git,3,
git.linuxtv.org,git,97,
git.louiz.org,git,3,
git.luhamus.com,git,7,
git.lukeshu.com,git,72,
git.mamago.org,git,3,
git.marussy.com,git,14,
git.marx.cafe,git,2,
git.matejamaric.com,git,18,
git.matthewhall.xyz,git,5,
git.matthewkosarek.xyz,git,5,
git.mccd.space,git,13,
git.mesacsclub.com,git,10,
git.midipix.org,git,32,
git.mikekantor.xyz,git,2,
git.mikhirev.ru,git,3,
git.myrika.moe,git,2,
git.nategb.xyz,git,5,
git.netwichtig.de,git,23,
git.nicdob.com,git,5,
git.nicholasjohnson.ch,git,14,
git.nihil.ws,git,10,
git.nubati.net,git,3,
git.omeckman.net,git,12,
git.openembedded.org,git,15,
git.oscarnajera.com,git,6,
git.pa1ch.fr,git,2,
git.paulk.fr,git,21,
git.pengutronix.de,git,106,
git.replicant.us,git,1492,
git.rozuvan.net,git,6,
git.ruby-lang.org,git,1,
git.sacredheartsc.com,git,4,
git.sdxlive.com,git,2,
git.sisudoc.org,git,6,
git.slackbuilds.org,git,2,
git.sn4il.site,git,9,
git.solidoak.dev,git,12,
git.spork.org,git,36,
git.spwhitton.name,git,24,
git.sualokin.xyz,git,3,
git.subdivi.de,git,11,
git.taler.net,git,153,
git.talhaamir.xyz,git,8,
git.terceiro.xyz,git,10,
git.ti.com,git,538,
git.tokumori.xyz,git,9,
git.toradex.com,git,21,
git.trueelena.org,git,45,
git.tuxfamily.org,git,388,
git.unit193.net,git,27,
git.vagrantz.xyz,git,5,
git.vitali64.duckdns.org,git,34,
git.vv221.fr,git,26,
git.woz.blue,git,4,
git.xenoworld.de,git,11,
git.xianwang.io,git,4,
git.yoctoproject.org,git,184,
git.zachberwaldt.dev,git,4,
git.zx2c4.com,git,156,
git1.toradex.com,git,21,
gitweb.gentoo.org,git,609,
gitweb.torproject.org,git,507,
gnu-savannah,git,1097,
jff.email,git,30,
scm.dersco.re,git,39,
source.codeaurora.org,git,9302,
source.copyninja.in,git,5,
sourceware.org,git,68,
src.cynthia.re,git,5,
tonibot.ddns.net:8890,git,1,
vault24.org,git,15,
www.jears.at,git,8,
www.kylheku.com,git,31,
code-repo.d4science.org,git,667,
code.blicky.net,git,77,
code.chipmunk.land,git,238,
code.garrettmills.dev,git,118,
code.groupe-genes.fr,git,19,
code.lm7.fr,git,11,
code.m3tam3re.com,git,13,
code.mzf.fr,git,11,
code.p1k3.com,git,66,
code.untyped.org,git,2,
codeberg.org,git,48660,
codefirst.iut.uca.fr,git,626,
dev.lovelyhq.com,git,8,
devheroes.codes,git,38,
forge.april.org,git,93,
forge.bitmutex.com,git,10,
forge.cadoles.com,git,156,
forge.chapril.org,git,332,
forge.cloud.silique.fr,git,30,
forge.le-florida.org,git,9,
forge.lefuturiste.fr,git,40,
forge.soutade.fr,git,24,
forge.ti-nuage.fr,git,10,
forge.yaal.coop,git,17,
forge.zarchbox.fr,git,12,
forgejo.linux07.fr,git,5,
forgejo.rezo-rm.fr,git,51,
forger.sitiv.fr,git,46,
git.0x0.st,git,10,
git.0x90.space,git,62,
git.2li.ch,git,76,
git.3naly.xyz,git,10,
git.abbiamoundominio.org,git,120,
git.abonnel.fr,git,23,
git.ad5001.eu,git,38,
git.afpy.org,git,152,
git.aite.xyz,git,17,
git.akselmo.dev,git,9,
git.alarsyo.net,git,16,
git.alex-design.fr,git,2,
git.alexrio.fr,git,1,
git.allella.fr,git,11,
git.almalinux.org,git,3677,
git.alpaga.dev,git,12,
git.ameliorated.info,git,12,
git.antoineperrin.fr,git,1,
git.applefritter.com,git,760,
git.ardour.org,git,4,
git.art-software.fr,git,18,
git.asgard.odbornaskola.cz,git,252,
git.asgardius.company,git,24,
git.ashitaxi.com,git,91,
git.askiiart.net,git,67,
git.asonix.dog,git,119,
git.augendre.info,git,62,
git.autourdeminuit.com,git,14,
git.average.name,git,26,
git.aweirdimagination.net,git,43,
git.bb1.fun,git,8,
git.belanyi.fr,git,29,
git.benburlingham.com,git,7,
git.blakerain.com,git,13,
git.bobc.io,git,19,
git.botox.bz,git,18,
git.calculate-linux.org,git,62,
git.captnemo.in,git,67,
git.catgirl.land,git,8,
git.chenpt.cn,git,6,
git.chiebot.com:10000,git,35,
git.chriswb.dev,git,32,
git.chuso.net,git,6,
git.chylex.com,git,46,
git.cloudsolutions.com.sa,git,1,
git.cohabit.fr,git,66,
git.com.de,git,192,
git.concertos.live,git,116,
git.coolaj86.com,git,186,
git.coom.tech,git,114,
git.corrupt.link,git,32,
git.crc.id.au,git,6,
git.cromer.cl,git,33,
git.cs.tu-dortmund.de,git,73,
git.csclub.uwaterloo.ca,git,68,
git.cubieserver.de,git,20,
git.cuvoodoo.info,git,31,
git.cyberjinh.fr,git,4,
git.dalembert.upmc.fr,git,16,
git.darkcloud.ca,git,20,
git.data.coop,git,127,
git.datacontroller.io,git,3,
git.delaage.fr,git,29,
git.deldel.fr,git,5,
git.des.dev,git,7,
git.deuxfleurs.fr,git,143,
git.devuan.org,git,424,
git.dgnum.eu,git,130,
git.diapason.digital,git,3,
git.digitalstudium.com,git,17,
git.disroot.org,git,4683,
git.distrilab.fr,git,35,
git.distrust.co,git,26,
git.dittberner.info,git,33,
git.doap.fr,git,6,
git.dog,git,42,
git.dotya.ml,git,366,
git.dryusdan.fr,git,129,
git.echosystem.fr,git,13,
git.ecker.tech,git,88,
git.eeqj.de,git,70,
git.elektrollart.org,git,21,
git.emily.sh,git,3,
git.encryp.ch,git,86,
git.enlightenment.org,git,148,
git.entrouvert.org,git,388,
git.envs.net,git,720,
git.eseb.ovh,git,14,
git.fainsin.bzh,git,86,
git.faithcollapsing.com,git,51,
git.fasttube.de,git,76,
git.foo.be,git,56,
git.frezzen.de,git,3,
git.frogeye.fr,git,18,
git.froggi.es,git,144,
git.froth.zone,git,59,
git.fsfe.org,git,530,
git.furworks.de,git,181,
git.fws.fr,git,154,
git.g3la.de,git,12,
git.garbaye.fr,git,10,
git.gavinhoward.com,git,11,
git.golem.linux.it,git,67,
git.gotroot.ca,git,8,
git.grifon.fr,git,31,
git.gugod.fr,git,13,
git.h.hackclub.app,git,48,
git.h8u.de,git,228,
git.hadoly.fr,git,18,
git.hedwing.dev,git,43,
git.hostux.fr,git,12,
git.hpc.odu.edu,git,4,
git.ickhorn.com,git,3,
git.imirhil.fr,git,38,
git.infoforall.fr,git,18,
git.ingolf-wagner.de,git,4,
git.io-warnemuende.de,git,76,
git.ipr.univ-rennes.fr,git,46,
git.irdl.fr,git,38,
git.irsamc.ups-tlse.fr,git,77,
git.ishanjain.me,git,32,
git.itsonus.fr,git,4,
git.iut-rodez.fr,git,5,
git.ivysaur.me,git,171,
git.jacknet.io,git,51,
git.jakstys.lt,git,9,
git.janouch.name,git,28,
git.jean-cloud.net,git,54,
git.jevalide.ca,git,110,
git.jwetzell.com,git,1,
git.k-space.ee,git,128,
git.kaki87.net,git,213,
git.kanjala.com,git,5,
git.katzei.fr,git,9,
git.kaz.bzh,git,30,
git.keyemail.dev,git,11,
git.kj7rrv.com,git,26,
git.kobold.cafe,git,37,
git.koha-community.org,git,12,
git.kompot.si,git,74,
git.kska.io,git,38,
git.kun.is,git,45,
git.kytech.fr,git,12,
git.labfox.fr,git,3,
git.labolyon.fr,git,48,
git.laborejo.org,git,6,
git.lacontrevoie.fr,git,198,
git.larlet.fr,git,5,
git.lecygnenoir.info,git,12,
git.legaragenumerique.fr,git,130,
git.lgbt,git,42,
git.libretic.fr,git,53,
git.librezo.fr,git,3,
git.linux-help.org,git,66,
git.linwood.dev,git,3,
git.lipovcan.cz,git,211,
git.lix.systems,git,177,
git.lmd.vg,git,2,
git.local-it.org,git,24,
git.logicalhacking.com,git,48,
git.lubar.me,git,81,
git.lubuntu.me,git,87,
git.maboxlinux.org,git,25,
git.madhouse-project.org,git,132,
git.magicvoidpointers.com,git,16,
git.marvid.fr,git,84,
git.math98.fr,git,10,
git.mathux.org,git,23,
git.mcth.fr,git,2,
git.meli-email.org,git,23,
git.metatux.fr,git,6,
git.mihon.tech,git,12,
git.minetest.land,git,356,
git.mob-dev.fr,git,17,
git.moe.team,git,43,
git.moomoocamp.net,git,2,
git.mosad.xyz,git,74,
git.mp2i-vms.fr,git,21,
git.mr4th.com,git,14,
git.mthie.com,git,4,
git.muerell.de,git,3,
git.myceliandre.fr,git,71,
git.mylloon.fr,git,99,
git.mytinydc.com,git,2,
git.n07070.xyz,git,15,
git.nemunai.re,git,97,
git.nhenry.fr,git,6,
git.nicolaslang.fr,git,2,
git.nixnet.services,git,138,
git.noise.rocks,git,13,
git.nora.codes,git,17,
git.openprivacy.ca,git,149,
git.osmarks.net,git,61,
git.pandacube.fr,git,10,
git.passageenseine.fr,git,12,
git.pattard.fr,git,19,
git.pix-n-chill.fr,git,5,
git.poivron-robotique.fr,git,12,
git.pyrocko.org,git,58,
git.redrise.ru,git,23,
git.resf.org,git,167,
git.resilien.fr,git,28,
git.rezel.net,git,120,
git.rjp.is,git,56,
git.roflcopter.fr,git,29,
git.romanh.de,git,7,
git.rooty.fr,git,34,
git.sans.pub,git,12,
git.sciprog.center,git,53,
git.simonkellet.xyz,git,19,
git.sindominio.net,git,103,
git.slxh.eu,git,49,
git.solarpunk.moe,git,122,
git.southfox.me,git,31,
git.ssh.surf,git,76,
git.stikonas.eu,git,26,
git.supernets.org,git,116,
git.suyu.dev,git,123,
git.svallee.fr,git,12,
git.syndicate-lang.org,git,74,
git.tansorier.fr,git,8,
git.tcharles.fr,git,11,
git.tecosaur.net,git,58,
git.testing.dog,git,7,
git.tetalab.org,git,67,
git.theoludwig.fr,git,22,
git.theorangeone.net,git,86,
git.tilera.org,git,173,
git.tobast.fr,git,77,
git.tontontux.fr,git,5,
git.troplo.com,git,22,
git.tryp.io,git,33,
git.tstarr.us,git,8,
git.tunuifranken.info,git,39,
git.txs.es,git,13,
git.uncompleted.org,git,8,
git.univ-reunion.fr,git,11,
git.valvin.fr,git,10,
git.vermeulen.pro,git,33,
git.virtit.fr,git,17,
git.weebo.fr,git,2,
git.williamjcm.ovh,git,7,
git.wkit.fun,git,86,
git.woodbine.nyc,git,19,
git.wut.ee,git,144,
git.yourcmc.ru,git,132,
git.zapashcanon.fr,git,134,
git.zom.bi,git,79,
gitawonk.com,git,7,
gitcdr.univ-ubs.fr,git,39,
gitdab.com,git,1197,
gitea.anclarma.fr,git,6,
gitea.angry.im,git,63,
gitea.apps.kunc.me,git,7,
gitea.arknix.com,git,11,
gitea.arpa.li,git,42,
gitea.artixlinux.org,git,6810,
gitea.auro.re,git,106,
gitea.bakatrouble.me,git,5,
gitea.blesmrt.net,git,53,
gitea.burntworld.ca,git,38,
gitea.c3d2.de,git,138,
gitea.caracals.org,git,8,
gitea.claws.top,git,4,
gitea.com,git,7850,
gitea.dariow.fr,git,11,
gitea.dashucun.com,git,9,
gitea.digitalcircle.com.br,git,10,
gitea.dmz.rs,git,51,
gitea.elara.ws,git,58,
gitea.evolix.org,git,84,
gitea.exu.li,git,25,
gitea.fabienmcl.fr,git,12,
gitea.fhgr.ch,git,79,
gitea.geologie.ac.at,git,30,
gitea.iitdh.ac.in,git,46,
gitea.invidious.io,git,33,
gitea.it,git,426,
gitea.ladish.org,git,124,
gitea.lf3.cuni.cz,git,1,
gitea.lntu.edu.cn,git,5,
gitea.lyc-lecastel.fr,git,172,
gitea.lyrion.ch,git,36,
gitea.math.uni-leipzig.de,git,17,
gitea.michalczyk.pro,git,4,
gitea.moe,git,150,
gitea.muc.ccc.de,git,48,
gitea.ndda.fr,git,5,
gitea.nouspiro.space,git,6,
gitea.openium.fr,git,2,
gitea.osgeo.org,git,197,
gitea.osmocom.org,git,312,
gitea.pep.foundation,git,173,
gitea.philsson.com,git,16,
gitea.planet-casio.com,git,380,
gitea.polonkai.eu,git,90,
gitea.pongnot.fr,git,5,
gitea.presley.nz,git,7,
gitea.quitesimple.org,git,23,
gitea.slowb.ro,git,154,
gitea.squi.fr,git,32,
gitea.swigg.net,git,78,
gitea.sysmocom.de,git,47,
gitea.tqlwsl.moe,git,10,
gitea.treehouse.systems,git,91,
gitea.tropi.us,git,21,
gitea.ttmath.org,git,10,
gitea.typename.fr,git,15,
gitea.u-iot.spectra.de,git,1,
gitea.va.reichard.io,git,12,
gitea.verbaere.com,git,5,
gitea.ycharbi.fr,git,13,
gitea.ykn.fr,git,24,
gitlab.altinea.fr,git,7,
gitnet.fr,git,277,
gogs.prunetwork.fr,git,8,
gogs.sincrone.fr,git,5,
grond.iut-fbleau.fr,git,276,
kolaente.dev,git,209,
mattchap.dev,git,3,
molzy.com,git,19,
port.numenaute.org,git,70,
projects.blender.org,git,968,
sunnetty.online:3000,git,16,
sys4.fr,git,392,
unboundedpress.org,git,14,
vcc-gnd.cn,git,9,
www.8cubes.com,git,5,
www.xumy.vip,git,11,
github,git,298281550,
android-kvm.googlesource.com,git,16,
android.googlesource.com,git,2980,
aomedia.googlesource.com,git,7,
apache.googlesource.com,git,2931,
ara-mdk.googlesource.com,git,372,
bazel.googlesource.com,git,18,
boringssl.googlesource.com,git,3,
ceres-solver.googlesource.com,git,1,
chromium.googlesource.com,git,1945,
cobalt.googlesource.com,git,10,
code.googlesource.com,git,30,
coral.googlesource.com,git,108,
cos.googlesource.com,git,75,
cue.googlesource.com,git,3,
dart.googlesource.com,git,127,
dawn.googlesource.com,git,6,
eclipse.googlesource.com,git,3226,
eigen.googlesource.com,git,2,
flutter.googlesource.com,git,60,
foss-eda-tools.googlesource.com,git,486,
fuchsia.googlesource.com,git,495,
ganeti.googlesource.com,git,5,
gem5.googlesource.com,git,18,
geovelo.googlesource.com,git,1,
gerrit.googlesource.com,git,237,
git.libreoffice.org,git,80,
git01.mediatek.com,git,12,
gn.googlesource.com,git,3,
gnu.googlesource.com,git,10,
go.googlesource.com,git,51,
goma.googlesource.com,git,5,
googlers.googlesource.com,git,11,
gvisor.googlesource.com,git,1,
gwt.googlesource.com,git,3,
hafnium.googlesource.com,git,10,
kernel.googlesource.com,git,1343,
kunit.googlesource.com,git,8,
linux.googlesource.com,git,35,
llvm.googlesource.com,git,45,
manganese.googlesource.com,git,2,
maps-booking.googlesource.com,git,11,
melange.googlesource.com,git,3,
mundane.googlesource.com,git,3,
nest-open-source.googlesource.com,git,6800,
nginx.googlesource.com,git,7,
pdfium.googlesource.com,git,4,
pigweed.googlesource.com,git,142,
plan9port.googlesource.com,git,3,
protobuf-dt.googlesource.com,git,3,
qemu-android.googlesource.com,git,7,
qemu.googlesource.com,git,22,
quiche.googlesource.com,git,4,
r8.googlesource.com,git,3,
roughtime.googlesource.com,git,3,
skia.googlesource.com,git,48,
swiftshader.googlesource.com,git,2,
third-party-mirror.googlesource.com,git,129,
upspin.googlesource.com,git,2,
us3-mirror-android.googlesource.com,git,2979,
vanadium.googlesource.com,git,49,
weave.googlesource.com,git,1,
webkit.googlesource.com,git,1,
webrtc.googlesource.com,git,8,
0xacab.org,git,1953,
agile.bu.edu,git,73,
annas-software.org,git,197,
arcgl.wpi.edu,git,29,
ascgitlab.helmholtz-munich.de,git,75,
athene2.informatik.unibw-muenchen.de,git,20,
cameleon.univ-lyon1.fr,git,46,
ccb-gitlab.cs.uni-saarland.de,git,12,
chaos.expert,git,364,
class-git.engineering.uiowa.edu,git,17,
cls-gitlab.phil.uni-wuerzburg.de,git,11,
cm-gitlab.stanford.edu,git,48,
code.cs.earlham.edu,git,87,
code.electrolab.fr,git,168,
code.europa.eu,git,604,
code.ffdn.org,git,118,
code.ill.fr,git,153,
code.ini.uzh.ch,git,39,
code.inno3.eu,git,7,
code.mayfirst.org,git,30,
code.officialstatistics.org,git,68,
code.peren.fr,git,59,
code.stanford.edu,git,467,
code.umd.edu,git,53,
code.videolan.org,git,2229,
code.vt.edu,git,730,
code.waarp.fr,git,9,
code.wm.edu,git,55,
codebase.helmholtz.cloud,git,1266,
core-gitlfs.tpi.uni-jena.de,git,319,
csgitlab.reading.ac.uk,git,937,
datascience.aeolus.wsu.edu,git,10,
dci-gitlab.cines.fr,git,38,
dei-gitlab.dei.unibo.it,git,14,
depot.lipn.univ-paris13.fr,git,113,
dev.sisa.com.ar,git,4,
devops.telecomste.fr,git,259,
devsgn.ign.fr,git,5,
dgit.cs.uni-saarland.de,git,73,
drf-gitlab.cea.fr,git,6,
dvcs.apice.unibo.it,git,45,
e-gitlab.univ-lemans.fr,git,62,
edu-git.ac-versailles.fr,git,36,
egitlab.iti.es,git,5,
epos-ci.brgm.fr,git,3,
ess.cs.uos.de,git,33,
etulab.univ-amu.fr,git,1155,
forge-2.ircam.fr,git,27,
forge.aeif.fr,git,573,
forge.apps.education.fr,git,1307,
forge.inrae.fr,git,2253,
forge.ird.fr,git,156,
forge.iut-larochelle.fr,git,162,
forge.oasu.u-bordeaux.fr,git,28,
forge.tedomum.net,git,465,
forge.uclouvain.be,git,668,
forge.univ-lyon1.fr,git,1401,
forgemia.inra.fr,git,4048,
framagit.org,git,27290,
gaufre.informatique.univ-paris-diderot.fr,git,769,
gdv-gitlab.inf.uni-bayreuth.de,git,15,
geii.iutmontp.univ-montp2.fr:8888,git,4,
git-ce.rwth-aachen.de,git,415,
git-classes.mst.edu,git,85,
git-cral.univ-lyon1.fr,git,27,
git-crypto.elen.ucl.ac.be,git,8,
git-etudiants.lacl.fr,git,10,
git-lium.univ-lemans.fr,git,69,
git-ps.informatik.uni-kiel.de,git,223,
git-repo.iml.unibe.ch,git,27,
git-st.inf.tu-dresden.de,git,165,
git-web.sa-cim.fr,git,3,
git-xen.lmgc.univ-montp2.fr,git,21,
git.1pixel.ch,git,9,
git.aae.wisc.edu,git,16,
git.abfelbaum.dev,git,23,
git.abscue.de,git,38,
git.achatsolutions.fr,git,4,
git.adelielinux.org,git,183,
git.ademe.fr,git,13,
git.aims.ac.za,git,7,
git.airweb.fr,git,7,
git.ais.uni-bonn.de,git,26,
git.anje-justice.fr,git,7,
git.antares.id,git,3,
git.app.uib.no,git,4292,
git.archive.org,git,142,
git.argentina.gob.ar,git,5,
git.astron.nl,git,317,
git.autistici.org,git,325,
git.bazhlab.ucsd.edu,git,4,
git.bcbl.eu,git,22,
git.beagleboard.org,git,788,
git.beta.francetravail.fr,git,16,
git.biohpc.swmed.edu,git,202,
git.bitmycode.com,git,69,
git.bsse.ethz.ch,git,83,
git.bubu1.eu,git,37,
git.cbi.igbmc.fr,git,38,
git.cbm.gsi.de,git,250,
git.chainmaker.org.cn,git,366,
git.chalmers.se,git,236,
git.chevro.fr,git,74,
git.cines.fr,git,38,
git.circ.rochester.edu,git,25,
git.cloudron.io,git,752,
git.code.tecnalia.com,git,224,
git.codelinaro.org,git,7055,
git.comnets.net,git,3,
git.compilenix.org,git,72,
git.computational.bio.uni-giessen.de,git,40,
git.congatec.com,git,95,
git.coop,git,489,
git.cs.du.edu,git,153,
git.cs.ou.nl,git,13,
git.cs.rit.edu,git,36,
git.cs.sun.ac.za,git,24,
git.cs.vt.edu,git,267,
git.cse.iitb.ac.in,git,91,
git.csic.es,git,175,
git.cybertron.fr,git,30,
git.cyu.fr,git,65,
git.dbogatov.org,git,36,
git.dcc.sib.swiss,git,43,
git.defproc.co.uk,git,24,
git.dhvlab.org,git,6,
git.do.srb2.org,git,241,
git.doit.wisc.edu,git,595,
git.drees.fr,git,74,
git.drk.sc,git,113,
git.drupalcode.org,git,57876,
git.dst.etit.tu-chemnitz.de,git,6,
git.dti.crosemont.quebec,git,972,
git.duniter.org,git,437,
git.dynare.org,git,102,
git.ecdf.ed.ac.uk,git,807,
git.ece.iastate.edu,git,289,
git.ee.ethz.ch,git,9,
git.elektro.dtu.dk,git,5,
git.eleves.ens.fr,git,258,
git.embl.de,git,1363,
git.enib.fr,git,174,
git.esi-bru.be,git,361,
git.esiee.fr,git,786,
git.eta.st,git,99,
git.etis-lab.fr,git,3,
git.exeter.ac.uk,git,75,
git.fairkom.net,git,314,
git.fdn.fr,git,8,
git.felinn.org,git,25,
git.fim.uni-passau.de,git,88,
git.floragunn.com,git,28,
git.flow3r.garden,git,538,
git.fmrib.ox.ac.uk,git,622,
git.forum.ircam.fr,git,2700,
git.fpfis.tech.ec.europa.eu,git,37,
git.frama-c.com,git,37,
git.fs.lmu.de,git,47,
git.gem.ec-nantes.fr,git,23,
git.glasklar.is,git,102,
git.gsi.de,git,479,
git.hardenedbsd.org,git,134,
git.harrault.fr,git,33,
git.hci.uni-hannover.de,git,3,
git.hexanyn.fr,git,69,
git.iac.ethz.ch,git,63,
git.ias.u-psud.fr,git,136,
git.icam.fr,git,45,
git.icare.univ-lille.fr,git,11,
git.iccas.de,git,8,
git.icinga.com,git,102,
git.ics.fr,git,1,
git.iem.at,git,396,
git.ifro.edu.br,git,14,
git.ig-edu.univ-paris13.fr,git,10,
git.iiens.net,git,187,
git.ime.uni-luebeck.de,git,3,
git.imp.fu-berlin.de,git,666,
git.in.moodle.com,git,30,
git.informatik.uni-kiel.de,git,100,
git.informatik.uni-leipzig.de,git,499,
git.informatik.uni-rostock.de,git,123,
git.inp.nsk.su,git,38,
git.inpt.fr,git,145,
git.insomnia247.nl,git,79,
git.ircad.fr,git,14,
git.isir.upmc.fr,git,109,
git.ispconfig.org,git,294,
git.ista.ac.at,git,134,
git.it.essbilbao.org,git,17,
git.iti.cs.ovgu.de,git,47,
git.itm.uni-luebeck.de,git,17,
git.iws.uni-stuttgart.de,git,207,
git.jami.net,git,19,
git.jekel.ca,git,61,
git.kis.fr,git,2,
git.kkg.berlin,git,45,
git.kuschku.de,git,65,
git.l3s.uni-hannover.de,git,127,
git.lab.viaco.fr,git,1,
git.lacl.fr,git,29,
git.lamsade.dauphine.fr,git,17,
git.laquadrature.net,git,204,
git.lavasoftware.org,git,128,
git.leximpact.dev,git,38,
git.lfb.rwth-aachen.de,git,4,
git.ligo.org,git,2642,
git.liris.cnrs.fr,git,170,
git.loe.auf.uni-rostock.de,git,33,
git.lutes.upmc.fr,git,11,
git.lysator.liu.se,git,242,
git.math.uzh.ch,git,130,
git.maths.cam.ac.uk,git,3,
git.mchi.mcgill.ca,git,14,
git.metabarcoding.org,git,29,
git.mhcomm.fr,git,2,
git.microline.ru,git,9,
git.morello-project.org,git,207,
git.mpib-berlin.mpg.de,git,460,
git.msh-lse.fr,git,16,
git.mst.edu,git,269,
git.ncsa.illinois.edu,git,65,
git.neogeo.fr,git,49,
git.nomics.world,git,262,
git.octree.ch,git,40,
git.oecd-nea.org,git,27,
git.oeru.org,git,92,
git.opencarp.org,git,21,
git.openlogisticsfoundation.org,git,86,
git.ortolang.fr,git,8,
git.passcal.nmt.edu,git,39,
git.physik.uni-wuerzburg.de,git,84,
git.pleroma.social,git,865,
git.puscii.nl,git,64,
git.qaar.ru,git,12,
git.ralph.or.at,git,13,
git.ram.eemcs.utwente.nl,git,22,
git.rcc.uchicago.edu,git,93,
git.resel.fr,git,36,
git.rockylinux.org,git,9828,
git.rwth-aachen.de,git,3691,
git.rz.uni-augsburg.de,git,85,
git.s2.rpn.ch,git,140,
git.sc.uni-leipzig.de,git,147,
git.scicore.unibas.ch,git,90,
git.science.uu.nl,git,473,
git.scipost.org,git,37,
git.se.informatik.uni-kiel.de,git,112,
git.seco.com,git,278,
git.softtodo.tn,git,3,
git.softwrestling.org,git,5,
git.sos.ethz.ch,git,6,
git.spip.net,git,1615,
git.startinblox.com,git,217,
git.starxpert.fr,git,2,
git.tardisproject.uk,git,32,
git.taxitronic.com,git,9,
git.thm.de,git,1183,
git.tpi.uni-jena.de,git,53,
git.uclalemur.com,git,74,
git.ucsc.edu,git,474,
git.ufz.de,git,257,
git.uha4point0.fr,git,36,
git.uiowa.edu,git,23,
git.ummisco.fr,git,9,
git.uni-due.de,git,401,
git.uni-jena.de,git,300,
git.uni-wuppertal.de,git,173,
git.unicaen.fr,git,245,
git.unimore.it,git,5,
git.unistra.fr,git,3169,
git.univ-cotedazur.fr,git,7,
git.univ-pau.fr,git,162,
git.uwaterloo.ca,git,3230,
git.vulpecula.fr,git,75,
git.wur.nl,git,924,
git.yaodb-blog.fr,git,1,
git.zs.informatik.uni-kiel.de,git,38,
git2.networks.imdea.org,git,12,
gitbio.ens-lyon.fr,git,98,
gitcrcm.marseille.inserm.fr,git,20,
gite.lirmm.fr,git,970,
gitem.epsem.upc.edu,git,1,
gitext.faps.fau.de,git,1,
gitgud.io,git,9339,
github.tel.uva.es,git,43,
gitinfo.cnam.fr,git,49,
gitioc.upc.edu,git,187,
gitlab-dynamap.timone.univ-amu.fr,git,10,
gitlab-ext.iosb.fraunhofer.de,git,64,
gitlab-extern.ivi.fraunhofer.de,git,15,
gitlab-fil.univ-lille.fr,git,222,
gitlab-forge.din.developpement-durable.gouv.fr,git,165,
gitlab-forschung.reutlingen-university.de,git,27,
gitlab-lehre.informatik.uni-halle.de,git,39,
gitlab-mi.univ-reims.fr,git,155,
gitlab-mshe.univ-fcomte.fr,git,52,
gitlab-new.bap.jp,git,139,
gitlab-perspicuous-computing-science.mpi-klsb.mpg.de,git,4,
gitlab-preprod.in2p3.fr,git,2226,
gitlab-rdlab.cs.upc.edu,git,9,
gitlab-rech.insa-toulouse.fr,git,12,
gitlab-research.centralesupelec.fr,git,268,
gitlab-sml.din.developpement-durable.gouv.fr,git,4,
gitlab-student.centralesupelec.fr,git,875,
gitlab-test.compute.dtu.dk,git,21,
gitlab.42paris.fr,git,2,
gitlab.abutech.uz,git,12,
gitlab.act.reading.ac.uk,git,245,
gitlab.adorsaz.ch,git,42,
gitlab.adoy.net,git,6,
gitlab.adullact.net,git,673,
gitlab.aei.uni-hannover.de,git,85,
gitlab.albalogic.fr,git,3,
gitlab.alpinelinux.org,git,1391,
gitlab.amd.e-technik.uni-rostock.de,git,94,
gitlab.aniti.fr,git,2,
gitlab.anu.edu.au,git,116,
gitlab.apertis.org,git,7573,
gitlab.archlinux.org,git,14824,
gitlab.arm.com,git,234,
gitlab.bacula.org,git,4,
gitlab.bbbaden.ch,git,823,
gitlab.bcamath.org,git,28,
gitlab.beilich.de,git,26,
gitlab.bfabric.org,git,34,
gitlab.binets.fr,git,259,
gitlab.bixilon.de,git,79,
gitlab.brokenpipe.de,git,59,
gitlab.bsc.es,git,441,
gitlab.bzed.at,git,133,
gitlab.caltech.edu,git,442,
gitlab.caplaser.fr,git,2,
gitlab.catalyst.net.nz,git,3,
gitlab.cba.mit.edu,git,288,
gitlab.cc-asp.fraunhofer.de,git,721,
gitlab.ccsd.cnrs.fr,git,2,
gitlab.cecs.anu.edu.au,git,412,
gitlab.cecs.pdx.edu,git,279,
gitlab.cemea.org,git,17,
gitlab.cerema.fr,git,36,
gitlab.cern.ch,git,20323,
gitlab.chab.ethz.ch,git,6,
gitlab.chara.gsu.edu,git,3,
gitlab.chise.org,git,33,
gitlab.ciel-kastler.fr,git,141,
gitlab.cirad.fr,git,79,
gitlab.cis.uni-muenchen.de,git,23,
gitlab.citic.udc.es,git,13,
gitlab.cl.uni-heidelberg.de,git,141,
gitlab.climate.unibe.ch,git,7,
gitlab.cloudlab.zhaw.ch,git,11,
gitlab.cluster.ensisa.uha.fr,git,16,
gitlab.cobolworx.com,git,12,
gitlab.codelutin.com,git,148,
gitlab.coko.foundation,git,578,
gitlab.collabora.com,git,1099,
gitlab.college-de-france.fr,git,15,
gitlab.com,git,5371213,
gitlab.common-lisp.net,git,939,
gitlab.constantvzw.org,git,684,
gitlab.crans.org,git,536,
gitlab.cri.epita.fr,git,138,
gitlab.cri.minesparis.psl.eu,git,16,
gitlab.cristal.univ-lille.fr,git,90,
gitlab.cs.duke.edu,git,57,
gitlab.cs.ksu.edu,git,70,
gitlab.cs.mcgill.ca,git,105,
gitlab.cs.olemiss.edu,git,13,
gitlab.cs.uni-duesseldorf.de,git,102,
gitlab.cs.uni-saarland.de,git,149,
gitlab.cse.iitb.ac.in,git,501,
gitlab.csl.uni-bremen.de,git,23,
gitlab.csn.tu-chemnitz.de,git,1,
gitlab.cwp.govt.nz,git,56,
gitlab.darkmat.fr,git,31,
gitlab.data-ensta.fr,git,180,
gitlab.datachamp.fr,git,27,
gitlab.datasud.fr,git,6,
gitlab.dawan.fr,git,4,
gitlab.deep-nope.me,git,50,
gitlab.dei.unipd.it,git,64,
gitlab.denx.de,git,79,
gitlab.deokonai.fr,git,9,
gitlab.depp.education.fr,git,2,
gitlab.depp.it,git,38,
gitlab.developers.cam.ac.uk,git,954,
gitlab.di.ens.fr,git,4,
gitlab.di.unimi.it,git,196,
gitlab.di.unipmn.it,git,101,
gitlab.digilol.net,git,7,
gitlab.digitalcourage.de,git,47,
gitlab.distantaccess.com,git,29,
gitlab.divioseo.fr,git,1,
gitlab.diz.uni-marburg.de,git,4,
gitlab.dkrz.de,git,262,
gitlab.domainepublic.net,git,188,
gitlab.dpt-info.univ-littoral.fr,git,86,
gitlab.dragonflyaerospace.com,git,10,
gitlab.dsi.universite-paris-saclay.fr,git,3207,
gitlab.dune-project.org,git,588,
gitlab.e.foundation,git,533,
gitlab.ebi.ac.uk,git,458,
gitlab.ebrains.eu,git,201,
gitlab.ec-lyon.fr,git,1138,
gitlab.ecedi.fr,git,11,
gitlab.echothree.com,git,25,
gitlab.eclipse.org,git,2123,
gitlab.ecole.ensicaen.fr,git,4,
gitlab.eecs.wsu.edu,git,299,
gitlab.eientei.org,git,60,
gitlab.eif.urjc.es,git,4124,
gitlab.elaine.uni-rostock.de,git,7,
gitlab.emi.u-bordeaux.fr,git,128,
gitlab.emse.fr,git,493,
gitlab.encs.vancouver.wsu.edu,git,181,
gitlab.eng.unimelb.edu.au,git,194,
gitlab.engr.illinois.edu,git,1296,
gitlab.enpc.fr,git,39,
gitlab.enssat.fr,git,139,
gitlab.ensta-bretagne.fr,git,227,
gitlab.ensta.fr,git,189,
gitlab.envt.fr,git,11,
gitlab.epfl.ch,git,777,
gitlab.eqipe.ch,git,22,
gitlab.erc-atmo.eu,git,12,
gitlab.esiea.fr,git,1464,
gitlab.esrf.fr,git,761,
gitlab.esss.lu.se,git,4215,
gitlab.ethz.ch,git,2107,
gitlab.etu.imt-nord-europe.fr,git,11,
gitlab.etude.cy-tech.fr,git,366,
gitlab.eurecom.fr,git,1127,
gitlab.exherbo.org,git,1234,
gitlab.extra.irsn.fr,git,15,
gitlab.fel.cvut.cz,git,2812,
gitlab.fhnw.ch,git,1189,
gitlab.fi.muni.cz,git,976,
gitlab.fim.uni-passau.de,git,88,
gitlab.finki.ukim.mk,git,168,
gitlab.fit.cvut.cz,git,2165,
gitlab.fit.fraunhofer.de,git,47,
gitlab.fjfi.cvut.cz,git,123,
gitlab.flux.utah.edu,git,784,
gitlab.fokus.fraunhofer.de,git,136,
gitlab.forge.gouv.qc.ca,git,3,
gitlab.forge.hefr.ch,git,661,
gitlab.freedesktop.org,git,14727,
gitlab.fresnel.fr,git,20,
gitlab.fsinf.at,git,1,
gitlab.fusiondirectory.org,git,51,
gitlab.fuss.bz.it,git,44,
gitlab.futo.org,git,57,
gitlab.gad-bioinfo.org,git,12,
gitlab.galaxy.ibpc.fr,git,10,
gitlab.galileo.usg.edu,git,36,
gitlab.gast.it.uc3m.es,git,133,
gitlab.gbar.dtu.dk,git,852,
gitlab.geekinfo.fr,git,1,
gitlab.geo3bcn.csic.es,git,26,
gitlab.gflclan.com,git,92,
gitlab.ginfo.centrale-marseille.fr,git,8,
gitlab.gnome.org,git,22675,
gitlab.gnugen.ch,git,110,
gitlab.grnet.gr,git,158,
gitlab.gwdg.de,git,3071,
gitlab.has-sante.fr,git,21,
gitlab.haskell.org,git,1223,
gitlab.hhi.fraunhofer.de,git,29,
gitlab.hrz.tu-chemnitz.de,git,449,
gitlab.huc.knaw.nl,git,15,
gitlab.huma-num.fr,git,922,
gitlab.humanbrainproject.org,git,2,
gitlab.ia.utwente.nl,git,8,
gitlab.ics.muni.cz,git,621,
gitlab.idiap.ch,git,357,
gitlab.iessanclemente.net,git,12,
gitlab.ifca.es,git,154,
gitlab.ifi.lmu.de,git,18,
gitlab.ifi.uzh.ch,git,84,
gitlab.ifremer.fr,git,278,
gitlab.igg.uni-bonn.de,git,29,
gitlab.iiep.unesco.org,git,11,
gitlab.iiia.csic.es,git,55,
gitlab.ikw.uni-osnabrueck.de,git,17,
gitlab.imag.fr,git,3,
gitlab.imo.universite-paris-saclay.fr,git,13,
gitlab.imt-atlantique.fr,git,472,
gitlab.incom.co,git,563,
gitlab.inf.ethz.ch,git,43,
gitlab.inf.telecom-sudparis.eu,git,37,
gitlab.inf.unibe.ch,git,58,
gitlab.inf.unibz.it,git,621,
gitlab.informatik.hu-berlin.de,git,301,
gitlab.informatik.uni-bremen.de,git,477,
gitlab.informatik.uni-halle.de,git,292,
gitlab.informatik.uni-osnabrueck.de,git,27,
gitlab.infosun.fim.uni-passau.de,git,13,
gitlab.ingeniarius.pt,git,15,
gitlab.inha.fr,git,35,
gitlab.inria.fr,git,6489,
gitlab.insa-rennes.fr,git,383,
gitlab.insa-rouen.fr,git,384,
gitlab.institut-agro-dijon.fr,git,1,
gitlab.iqrf.org,git,68,
gitlab.iri.upc.edu,git,321,
gitlab.irit.fr,git,139,
gitlab.irstea.fr,git,328,
gitlab.isae-supaero.fr,git,149,
gitlab.isc.org,git,128,
gitlab.iscpif.fr,git,198,
gitlab.isima.fr,git,1236,
gitlab.it.mcgill.ca,git,4,
gitlab.iti.uni-luebeck.de,git,16,
gitlab.ito.umt.edu,git,11,
gitlab.iut-blagnac.fr,git,26,
gitlab.k-net.fr,git,2,
gitlab.kafein-studio.fr,git,3,
gitlab.kaisens.fr,git,36,
gitlab.kernl.fr,git,3,
gitlab.kit.edu,git,677,
gitlab.kitware.com,git,5182,
gitlab.kwant-project.org,git,317,
gitlab.laas.fr,git,765,
gitlab.labos.polytechnique.fr,git,97,
gitlab.lam.fr,git,57,
gitlab.lava.polymtl.ca,git,52,
gitlab.lcsb.uni.lu,git,533,
gitlab.leinen.ch,git,4,
gitlab.lib.utah.edu,git,1,
gitlab.libresilicon.com,git,15,
gitlab.limos.fr,git,68,
gitlab.linphone.org,git,157,
gitlab.linux.community,git,102,
gitlab.lip6.fr,git,159,
gitlab.liparad.uvsq.fr,git,3,
gitlab.liris.cnrs.fr,git,173,
gitlab.lis-lab.fr,git,166,
gitlab.lisn.upsaclay.fr,git,123,
gitlab.lms.tf.fau.de,git,20,
gitlab.lrz.de,git,554,
gitlab.macg.io,git,5,
gitlab.maisondelasimulation.fr,git,22,
gitlab.manjaro.org,git,3425,
gitlab.marceldev.fr,git,14,
gitlab.math.ethz.ch,git,31,
gitlab.math.unistra.fr,git,69,
gitlab.math.univ-paris-diderot.fr,git,75,
gitlab.maths.lu.se,git,31,
gitlab.matrix.org,git,14,
gitlab.mbb.cnrs.fr,git,149,
gitlab.meca.polymtl.ca,git,16,
gitlab.met.fu-berlin.de,git,26,
gitlab.metager.de,git,45,
gitlab.mim-libre.fr,git,481,
gitlab.mines-albi.fr,git,104,
gitlab.mipn.fr,git,121,
gitlab.mis.mpg.de,git,35,
gitlab.mjus.gba.gob.ar,git,4,
gitlab.mobilites-m.fr,git,14,
gitlab.mpcdf.mpg.de,git,1224,
gitlab.mpi-klsb.mpg.de,git,71,
gitlab.mpi-magdeburg.mpg.de,git,55,
gitlab.mpi-sws.org,git,403,
gitlab.mpim-bonn.mpg.de,git,1,
gitlab.mpip-mainz.mpg.de,git,3,
gitlab.msu.edu,git,1097,
gitlab.multiscale.utah.edu,git,20,
gitlab.mwsc.fr,git,1,
gitlab.nccr-automation.ch,git,28,
gitlab.netcom.it.uc3m.es,git,25,
gitlab.nic.cz,git,538,
gitlab.nomagic.uk,git,28,
gitlab.normandie-univ.fr,git,3,
gitlab.nuiton.org,git,148,
gitlab.obspm.fr,git,267,
gitlab.oca.eu,git,95,
gitlab.oit.duke.edu,git,3478,
gitlab.onelab.info,git,28,
gitlab.opencode.de,git,896,
gitlab.opengeosys.org,git,145,
gitlab.openretailing.org,git,4,
gitlab.orc.gmu.edu,git,22,
gitlab.orfeo-toolbox.org,git,101,
gitlab.osupytheas.fr,git,79,
gitlab.osureunion.fr,git,21,
gitlab.ow2.org,git,1700,
gitlab.ows.fr,git,12,
gitlab.paca.inrae.fr,git,35,
gitlab.pam-retd.fr,git,13,
gitlab.pasteur.fr,git,717,
gitlab.pedago.ensiie.fr,git,126,
gitlab.phaidra.org,git,139,
gitlab.phys.ethz.ch,git,96,
gitlab.physics.unitn.it,git,15,
gitlab.physik.lmu.de,git,187,
gitlab.pik-potsdam.de,git,157,
gitlab.pinteam.eu,git,3,
gitlab.pixelswap.fr,git,13,
gitlab.pks.mpg.de,git,22,
gitlab.pmcs2i.ec-lyon.fr,git,5,
gitlab.pod.cvut.cz,git,2,
gitlab.priv.socib.es,git,1,
gitlab.projekt.uni-hannover.de,git,2,
gitlab.psi.ch,git,351,
gitlab.pyicu.org,git,4,
gitlab.raptorengineering.com,git,240,
gitlab.ras.byu.edu,git,12,
gitlab.rc.umass.edu,git,32,
gitlab.rd.nic.fr,git,44,
gitlab.redox-os.org,git,1603,
gitlab.reutlingen-university.de,git,234,
gitlab.riscosopen.org,git,1190,
gitlab.rm.ingv.it,git,52,
gitlab.rob.uni-luebeck.de,git,29,
gitlab.roc.cnam.fr,git,30,
gitlab.roessner-net.de,git,20,
gitlab.rpbs.univ-paris-diderot.fr,git,22,
gitlab.rrz.uni-hamburg.de,git,247,
gitlab.rrze.fau.de,git,88,
gitlab.rz.uni-bamberg.de,git,115,
gitlab.savoirfairelinux.com,git,19,
gitlab.sb-roscoff.fr,git,52,
gitlab.scai.fraunhofer.de,git,38,
gitlab.science.mcgill.ca,git,12,
gitlab.science.ru.nl,git,686,
gitlab.scss.tcd.ie,git,506,
gitlab.sdv.fr,git,2,
gitlab.se.ifmo.ru,git,5155,
gitlab.sealedair.io,git,12,
gitlab.seismo.ethz.ch,git,57,
gitlab.shaohang.xin,git,2,
gitlab.shinice.net,git,8,
gitlab.sib.swiss,git,105,
gitlab.sidnlabs.nl,git,7,
gitlab.siilicloud.com,git,16,
gitlab.snt.utwente.nl,git,47,
gitlab.socs.uoguelph.ca,git,95,
gitlab.socsci.ru.nl,git,131,
gitlab.software.imdea.org,git,31,
gitlab.softwareheritage.org,git,510,
gitlab.soraharu.com,git,61,
gitlab.sorbonne-paris-nord.fr,git,172,
gitlab.spline.de,git,253,
gitlab.spseplzen.cz,git,342,
gitlab.sron.nl,git,8,
gitlab.ssemi.cz,git,100,
gitlab.stce.rwth-aachen.de,git,23,
gitlab.steamos.cloud,git,20,
gitlab.stud.idi.ntnu.no,git,2580,
gitlab.stums.techfak.fau.de,git,8,
gitlab.summer-ospp.ac.cn,git,1076,
gitlab.surrey.ac.uk,git,624,
gitlab.switch.ch,git,345,
gitlab.synchrotron-soleil.fr,git,248,
gitlab.t4d.ch,git,3,
gitlab.tails.boum.org,git,134,
gitlab.tekniker.es,git,48,
gitlab.telecom-paris.fr,git,113,
gitlab.telecomnancy.univ-lorraine.fr,git,901,
gitlab.tetras-libre.fr,git,131,
gitlab.thesourcecoders.de,git,4,
gitlab.tic-ac.org,git,14,
gitlab.torproject.org,git,1946,
gitlab.tp.nt.uni-siegen.de,git,8,
gitlab.tpic.com.au,git,5,
gitlab.traverse.com.au,git,18,
gitlab.trisquel.org,git,166,
gitlab.tt-rss.org,git,104,
gitlab.tudelft.nl,git,473,
gitlab.tuebingen.mpg.de,git,78,
gitlab.ub.uni-bielefeld.de,git,575,
gitlab.ub.uni-giessen.de,git,63,
gitlab.ucc.asn.au,git,50,
gitlab.ulb.tu-darmstadt.de,git,33,
gitlab.unamur.be,git,51,
gitlab.uncompleted.org,git,6,
gitlab.une.edu.au,git,187,
gitlab.uni-bayreuth.de,git,5,
gitlab.uni-hannover.de,git,296,
gitlab.uni-kassel.de,git,36,
gitlab.uni-marburg.de,git,245,
gitlab.uni-oldenburg.de,git,98,
gitlab.uni-osnabrueck.de,git,17,
gitlab.uni-trier.de,git,6,
gitlab.uni-weimar.de,git,19,
gitlab.uni.lu,git,183,
gitlab.unige.ch,git,825,
gitlab.unimelb.edu.au,git,313,
gitlab.univ-artois.fr,git,2,
gitlab.univ-eiffel.fr,git,28,
gitlab.univ-lille.fr,git,2242,
gitlab.univ-lorraine.fr,git,610,
gitlab.univ-lr.fr,git,349,
gitlab.univ-nantes.fr,git,3564,
gitlab.univ-rouen.fr,git,30,
gitlab.univ-st-etienne.fr,git,98,
gitlab.upt.ro,git,570,
gitlab.urbiloglabs.fr,git,1,
gitlab.usegalaxy.org.au,git,1,
gitlab.uspdigital.usp.br,git,909,
gitlab.utc.fr,git,1505,
gitlab.utwente.nl,git,1563,
gitlab.uvm.edu,git,246,
gitlab.uzh.ch,git,493,
gitlab.vci.rwth-aachen.de:9000,git,231,
gitlab.vedecom.fr,git,2,
gitlab.vg-lab.es,git,25,
gitlab.vgiscience.de,git,108,
gitlab.viarezo.fr,git,210,
gitlab.villejuif.fr,git,2,
gitlab.vinci.be,git,123,
gitlab.vpauto.fr,git,2,
gitlab.wifa.uni-leipzig.de,git,2,
gitlab.wikimedia.org,git,2089,
gitlab.windenergy.dtu.dk,git,263,
gitlab.winehq.org,git,648,
gitlab.wm.edu,git,35,
gitlab.worldguard.com.au,git,1,
gitlab.xfce.org,git,243,
gitlab.xiph.org,git,204,
gitlab.xlim.fr,git,58,
gitlab.zapb.de,git,14,
gitlab.zhdk.ch,git,40,
gitlab01.classe.cornell.edu,git,20,
gitlab03.wpi.edu,git,31,
gitlab2.cip.ifi.lmu.de,git,176,
gitlab2.informatik.uni-wuerzburg.de,git,399,
gitlab2.tamucc.edu,git,47,
gitlabcse.unil.ch,git,6,
gitlabev.imtbs-tsp.eu,git,23,
gitlabext.wsl.ch,git,122,
gitlabinfo.iutmontp.univ-montp2.fr,git,491,
gitli.stratum0.org,git,231,
gitn.sigma.fr,git,8,
gitrepos.virvig.eu,git,6,
gittrack.enaco.fr,git,4,
gitub.u-bordeaux.fr,git,200,
gituja.eenet.ee,git,38,
gl.kwarc.info,git,123,
gl.mathhub.info,git,456,
gricad-gitlab.univ-grenoble-alpes.fr,git,2325,
gvipers.imt-nord-europe.fr,git,104,
hartree.chimie.ens.fr,git,1,
iacgit.ethz.ch,git,63,
ifpen-gitlab.appcollaboratif.fr,git,10,
igit.ific.uv.es,git,57,
invent.kde.org,git,14893,
lab.unif.app,git,18,
labs.nereide.fr,git,29,
lily-is.land,git,66,
llrgit.in2p3.fr,git,32,
manouchian.univ-smb.fr,git,7,
mbees.med.uni-augsburg.de,git,7,
mgit.cs.uni-saarland.de,git,12,
mi-git.univ-tlse2.fr,git,288,
microfluidics.utoronto.ca,git,23,
mnemosyne.ithaca.fr,git,26,
mostgitlab.legi.grenoble-inp.fr,git,1,
neemgit.informatik.uni-bremen.de,git,41,
plmlab.math.cnrs.fr,git,1563,
premonition.stanford.edu,git,28,
projects.cispa.saarland,git,46,
projects.sucs.org,git,78,
psd-repo.uchicago.edu,git,18,
pss-gitlab.math.univ-paris-diderot.fr,git,23,
repo.cse.taylor.edu,git,25,
repo.fib.upc.es,git,74,
repository.prace-ri.eu,git,35,
resy-gitlab.inf.uni-bayreuth.de,git,8,
romeogit.univ-reims.fr,git,54,
s3gitlab.paluno.uni-due.de,git,5,
salsa.debian.org,git,72502,
scm.univ-tours.fr,git,23,
sissource.ethz.ch,git,88,
sme.uni-bamberg.de,git,15,
source.denx.de,git,106,
source.mnt.re,git,101,
source.puri.sm,git,2122,
spacegit.unibe.ch,git,27,
spclgitlab.ethz.ch,git,36,
star-rep.inf.usi.ch,git,12,
swen20003.eng.unimelb.edu.au,git,4,
tclgit.epfl.ch,git,8,
tests.ing.unibs.it,git,3,
tig.phys.ens.fr,git,5,
undef.tools,git,18,
unh-pfem-gitlab.ara.inrae.fr,git,12,
vcgit.hhi.fraunhofer.de,git,374,
versio.iuem.eu,git,7,
version.cs.vt.edu,git,57,
voparis-gitlab.obspm.fr,git,98,
winbiz21dev.winbiz.ch,git,5,
www-apps.univ-lehavre.fr,git,564,
www.gitlab.ci.inf.usi.ch,git,7,
gcc.gnu.org,git,3,
geeqie.org,git,3,
git.1wt.eu,git,32,
git.alsa-project.org,git,14,
git.ao2.it,git,89,
git.armaanb.net,git,26,
git.artsoft.org,git,1,
git.aubio.org,git,8,
git.bzatek.net,git,3,
git.candlhat.org,git,10,
git.carlh.net,git,13,
git.catalyst.net.nz,git,151,
git.claws-mail.org,git,7,
git.codelabs.ch,git,56,
git.cworth.org,git,44,
git.dcmtk.org,git,1,
git.deb.at,git,11,
git.decadent.org.uk,git,18,
git.defora.org,git,63,
git.distorted.org.uk,git,138,
git.donarmstrong.com,git,94,
git.dyninst.org,git,10,
git.efficios.com,git,27,
git.einval.com,git,23,
git.eng.unimelb.edu.au,git,6,
git.erp5.org,git,35,
git.etc.gen.nz,git,22,
git.etersoft.ru,git,72,
git.exim.org,git,9,
git.eyrie.org,git,55,
git.ffmpeg.org,git,10,
git.freespeechextremist.com,git,11,
git.gag.com,git,91,
git.ghostscript.com,git,132,
git.gir.st,git,21,
git.goldelico.com,git,30,
git.grml.org,git,25,
git.haproxy.org,git,23,
git.hcoop.net,git,90,
git.icculus.org,git,20,
git.ieval.ro,git,78,
git.infodrom.org,git,34,
git.infradead.org,git,53,
git.ipfire.org,git,205,
git.k1024.org,git,5,
git.kaliko.me,git,6,
git.kiszka.org,git,26,
git.ktnx.net,git,5,
git.libre-soc.org,git,64,
git.liburcu.org,git,16,
git.linux-nfs.org,git,76,
git.lyx.org,git,4,
git.marlam.de,git,25,
git.mdrn.pl,git,34,
git.minix3.org,git,24,
git.moodle.org,git,5,
git.neil.brown.name,git,19,
git.notmuchmail.org,git,1,
git.openssl.org,git,8,
git.openstreetmap.org,git,7,
git.openwrt.org,git,99,
git.postgresql.org,git,74,
git.proxmox.com,git,182,
git.samba.org,git,273,
git.shadowcat.co.uk,git,256,
git.stderr.nl,git,24,
git.tartarus.org,git,47,
git.techno-innov.fr,git,28,
git.ti.com,git,538,
git.tukaani.org,git,6,
git.videolan.org,git,25,
git.xapian.org,git,2,
gitweb.dragonflybsd.org,git,3,
gitweb.hugovil.com,git,14,
gitweb.stoutner.com,git,6,
jxself.org,git,78,
osm.etsi.org,git,28,
pari.math.u-bordeaux.fr,git,7,
sigrok.org,git,14,
sourceware.org,git,68,
thekelleys.org.uk,git,3,
dev.duhaz.fr,git,4,
git-crysp.uwaterloo.ca,git,55,
git.anonymousmessenger.ly,git,25,
git.dahwa.fr,git,18,
git.ewft.org,git,7,
git.giaever.org,git,48,
git.idleman.fr,git,4,
git.in-ulm.de,git,43,
git.loquico.me,git,16,
git.tk.informatik.tu-darmstadt.de,git,53,
gogs.algocloud.cz,git,31,
gogs.am-networks.fr,git,15,
gogs.caricand.fr,git,1,
gogs.elic.ucl.ac.be,git,21,
gogs.univ-littoral.fr,git,87,
notabug.org,git,50,
src.libcode.org,git,6,
www.mllp.upv.es,git,9,
guix.gnu.org,git,10167,
forge.extranet.logilab.fr,git,7,
foss.heptapod.net,git,22,
heptapod.host,git,25,
launchpad,git,117940,
repo1.maven.org,git,12488,
nixpkgs-swh.nixos.org,git,4,
packagist,git,382764,
code.opensuse.org,git,19456,
git.centos.org,git,9249,
pagure.io,git,3924,
src.fedoraproject.org,git,39830,
forge.softwareheritage.org,git,196,
phabricator.kde.org,git,3,
main,git,181864,
a3nm.net,git,49,
git.2f30.org,git,82,
git.acid.vegas,git,45,
git.alexwennerberg.com,git,19,
git.bleu255.com,git,47,
git.codemadness.org,git,48,
git.tronto.net,git,22,
git.vgx.fr,git,16,
www.brianlane.com,git,16,
gitorious,git,120388,
googlecode,git,88273,
osdn,git,6462,
